time,left_gaze_point_on_display_area,left_gaze_point_validity,right_gaze_point_on_display_area,right_gaze_point_validity,left_pupil_diameter,left_pupil_validity,right_pupil_diameter,right_pupil_validity
0.010618209838867188,"(0.6743797063827515, 0.39287087321281433)",1,"(0.6645751595497131, 0.40975454449653625)",1,3.7866363525390625,1,3.2172698974609375,1
0.028360366821289062,"(0.6759390234947205, 0.38743355870246887)",1,"(0.6657860279083252, 0.4046300947666168)",1,3.75592041015625,1,3.1959228515625,1
0.044490814208984375,"(0.675354540348053, 0.3869461417198181)",1,"(0.6682645082473755, 0.4010743498802185)",1,3.7435302734375,1,3.18170166015625,1
0.06122875213623047,"(0.6746092438697815, 0.39409130811691284)",1,"(0.6678729057312012, 0.4105408489704132)",1,3.751800537109375,1,3.1856842041015625,1
0.08321595191955566,"(0.673521876335144, 0.39462101459503174)",1,"(0.6679299473762512, 0.41329967975616455)",1,3.7401885986328125,1,3.1684722900390625,1
0.09721636772155762,"(0.6712729930877686, 0.3937542736530304)",1,"(0.6696878671646118, 0.4177815020084381)",1,3.7332916259765625,1,3.166656494140625,1
0.11121535301208496,"(0.6744040846824646, 0.3975846469402313)",1,"(0.6651180386543274, 0.4189532697200775)",1,3.728363037109375,1,3.17767333984375,1
0.12821292877197266,"(0.6738659143447876, 0.39658641815185547)",1,"(0.6652481555938721, 0.41525760293006897)",1,3.7118377685546875,1,3.15545654296875,1
0.14421653747558594,"(0.672730565071106, 0.3983902931213379)",1,"(0.6677325963973999, 0.4170476794242859)",1,3.6999969482421875,1,3.1498870849609375,1
0.16167044639587402,"(0.6752516031265259, 0.3989964723587036)",1,"(0.6678149104118347, 0.4166179895401001)",1,3.6902923583984375,1,3.1370086669921875,1
0.1777939796447754,"(0.6747679114341736, 0.39638108015060425)",1,"(0.6677741408348083, 0.41469401121139526)",1,3.6847381591796875,1,3.1212005615234375,1
0.1949617862701416,"(0.6775569915771484, 0.3962782919406891)",1,"(0.666897714138031, 0.4158981442451477)",1,3.67926025390625,1,3.118560791015625,1
0.2111666202545166,"(0.6774583458900452, 0.3986436724662781)",1,"(0.6649073958396912, 0.4210395812988281)",1,3.660888671875,1,3.105255126953125,1
0.2282257080078125,"(0.6738429069519043, 0.4041418135166168)",1,"(0.6641636490821838, 0.42385026812553406)",1,3.64794921875,1,3.1123046875,1
0.24435806274414062,"(0.6747821569442749, 0.40465494990348816)",1,"(0.6646478772163391, 0.42592158913612366)",1,3.643798828125,1,3.107269287109375,1
0.2612428665161133,"(0.6780526041984558, 0.40344876050949097)",1,"(0.6647775769233704, 0.42049819231033325)",1,3.6281890869140625,1,3.10919189453125,1
0.27786684036254883,"(0.6782022714614868, 0.40254464745521545)",1,"(0.6639808416366577, 0.4178597629070282)",1,3.6082305908203125,1,3.1109619140625,1
0.29436373710632324,"(0.6798906922340393, 0.39715439081192017)",1,"(0.6663528680801392, 0.4198612868785858)",1,3.6077117919921875,1,3.1003875732421875,1
0.31111717224121094,"(0.6782957911491394, 0.394781231880188)",1,"(0.6690475344657898, 0.41821134090423584)",1,3.613372802734375,1,3.0979461669921875,1
0.32824110984802246,"(0.672074019908905, 0.4027233421802521)",1,"(0.6676830649375916, 0.42041686177253723)",1,3.615966796875,1,3.0933837890625,1
0.34429216384887695,"(0.674971342086792, 0.402884840965271)",1,"(0.6700716018676758, 0.4204283058643341)",1,3.60198974609375,1,3.0861663818359375,1
0.3612968921661377,"(0.6764744520187378, 0.3986037075519562)",1,"(0.6691978573799133, 0.4209335744380951)",1,3.5857696533203125,1,3.0799560546875,1
0.37788987159729004,"(0.6745959520339966, 0.40155982971191406)",1,"(0.6666775345802307, 0.4234723150730133)",1,3.576080322265625,1,3.067901611328125,1
0.394545316696167,"(0.6739591360092163, 0.4031314253807068)",1,"(0.6692807674407959, 0.420660138130188)",1,3.5643157958984375,1,3.06640625,1
0.4110255241394043,"(0.6746379137039185, 0.40352723002433777)",1,"(0.6699854135513306, 0.42456308007240295)",1,3.5540924072265625,1,3.07415771484375,1
0.42816162109375,"(0.6771025657653809, 0.4008895456790924)",1,"(0.667277991771698, 0.43296751379966736)",1,3.551055908203125,1,3.07470703125,1
0.4441661834716797,"(0.6753319501876831, 0.4033234715461731)",1,"(0.6644821763038635, 0.4361136853694916)",1,3.533721923828125,1,3.0650177001953125,1
0.46132612228393555,"(0.6763037443161011, 0.40964433550834656)",1,"(0.6669117212295532, 0.43599745631217957)",1,3.5175933837890625,1,3.041656494140625,1
0.4778575897216797,"(0.6812297105789185, 0.42627665400505066)",1,"(0.6748360991477966, 0.4469417929649353)",1,3.502288818359375,1,3.028900146484375,1
0.4942140579223633,"(0.716718852519989, 0.494102418422699)",1,"(0.710290253162384, 0.5120795369148254)",1,3.5044097900390625,1,3.029449462890625,1
0.5108530521392822,"(0.7691546678543091, 0.5788456797599792)",1,"(0.7634764909744263, 0.6090640425682068)",1,3.48065185546875,1,3.00604248046875,1
0.5279297828674316,"(0.7842540144920349, 0.6075102686882019)",1,"(0.7762715816497803, 0.6248965859413147)",1,3.4403533935546875,1,2.972503662109375,1
0.544219970703125,"(0.7832160592079163, 0.6077331304550171)",1,"(0.7753565311431885, 0.6167584657669067)",1,3.4105987548828125,1,2.951995849609375,1
0.561286211013794,"(0.7810752391815186, 0.6055309176445007)",1,"(0.777901828289032, 0.6128543019294739)",1,3.3947601318359375,1,2.9404296875,1
0.5776925086975098,"(0.7775673270225525, 0.6032612323760986)",1,"(0.7780177593231201, 0.6168993711471558)",1,3.3752288818359375,1,2.9337921142578125,1
0.5944225788116455,"(0.775000274181366, 0.6026877760887146)",1,"(0.7762559652328491, 0.6249290108680725)",1,3.364349365234375,1,2.9414520263671875,1
0.6107308864593506,"(0.7764186859130859, 0.6019755601882935)",1,"(0.7749333381652832, 0.6232457756996155)",1,3.3526153564453125,1,2.9164886474609375,1
0.6274421215057373,"(0.7783238291740417, 0.5975286960601807)",1,"(0.77579265832901, 0.6163836121559143)",1,3.3393402099609375,1,2.896209716796875,1
0.643378734588623,"(0.7791231274604797, 0.5960738062858582)",1,"(0.7768366932868958, 0.612788200378418)",1,3.3246612548828125,1,2.90032958984375,1
0.6604270935058594,"(0.7803487777709961, 0.5929209589958191)",1,"(0.7768419981002808, 0.6165645718574524)",1,3.3053436279296875,1,2.9180450439453125,1
0.6774501800537109,"(0.7816372513771057, 0.5950198173522949)",1,"(0.7761163115501404, 0.6145722270011902)",1,3.2920379638671875,1,2.9035186767578125,1
0.6942834854125977,"(0.7789860367774963, 0.5956675410270691)",1,"(0.777123749256134, 0.6085709929466248)",1,3.2901763916015625,1,2.875518798828125,1
0.710838794708252,"(0.7763170003890991, 0.5939420461654663)",1,"(0.7775490880012512, 0.6114504337310791)",1,3.2822723388671875,1,2.870086669921875,1
0.7277042865753174,"(0.7634986639022827, 0.591154932975769)",1,"(0.7632426023483276, 0.6064094305038452)",1,3.275299072265625,1,2.8615264892578125,1
0.7438046932220459,"(0.7500483393669128, 0.5818051695823669)",1,"(0.7494621276855469, 0.5980119109153748)",1,3.268463134765625,1,2.852203369140625,1
0.7608642578125,"(0.7492303252220154, 0.5758346319198608)",1,"(0.7500755786895752, 0.5949123501777649)",1,3.25518798828125,1,2.844635009765625,1
0.7770347595214844,"(0.7469635605812073, 0.5755994319915771)",1,"(0.7491388320922852, 0.5948732495307922)",1,3.2479248046875,1,2.8507843017578125,1
0.794234037399292,"(0.7531620264053345, 0.5785235166549683)",1,"(0.7501233816146851, 0.5967716574668884)",1,3.2496337890625,1,2.8600006103515625,1
0.810666561126709,"(0.7560287714004517, 0.5802943706512451)",1,"(0.7530419230461121, 0.5942553281784058)",1,3.2414093017578125,1,2.8444671630859375,1
0.8274872303009033,"(0.754978358745575, 0.5792126059532166)",1,"(0.755226731300354, 0.5938082337379456)",1,3.2326812744140625,1,2.8433837890625,1
0.8439269065856934,"(0.7557498812675476, 0.5793285369873047)",1,"(0.7547807693481445, 0.5926202535629272)",1,3.236572265625,1,2.843597412109375,1
0.8608231544494629,"(0.7570169568061829, 0.5803038477897644)",1,"(0.7555814981460571, 0.5863273739814758)",1,3.2265625,1,2.837982177734375,1
0.8771483898162842,"(0.7576097846031189, 0.5784479379653931)",1,"(0.7537620067596436, 0.5853390097618103)",1,3.2297515869140625,1,2.854278564453125,1
0.8942065238952637,"(0.7561069130897522, 0.5796149969100952)",1,"(0.751866340637207, 0.5926098823547363)",1,3.24176025390625,1,2.873260498046875,1
0.9102616310119629,"(0.7551199197769165, 0.5789888501167297)",1,"(0.7531338334083557, 0.592887818813324)",1,3.2364654541015625,1,2.862213134765625,1
0.9276208877563477,"(0.7568525075912476, 0.5722283720970154)",1,"(0.7527598738670349, 0.5924454927444458)",1,3.2375030517578125,1,2.8671417236328125,1
0.9436664581298828,"(0.757343590259552, 0.5710095167160034)",1,"(0.7548465132713318, 0.5912174582481384)",1,3.2415008544921875,1,2.883056640625,1
0.960707426071167,"(0.7560994029045105, 0.5655739307403564)",1,"(0.7534573674201965, 0.5847694277763367)",1,3.2531890869140625,1,2.8812255859375,1
0.976778507232666,"(0.7603576183319092, 0.563129186630249)",1,"(0.780957818031311, 0.578445315361023)",1,3.3002166748046875,1,2.913848876953125,1
0.9942450523376465,"(0.8595969080924988, 0.5217702984809875)",1,"(0.8334912061691284, 0.5594193339347839)",1,3.3134765625,1,2.9103240966796875,1
1.0103957653045654,"(0.8708947896957397, 0.5234062075614929)",1,"(0.8950653076171875, 0.5106635093688965)",1,3.304962158203125,1,2.927276611328125,1
1.0276551246643066,"(0.8874439597129822, 0.5124505162239075)",1,"(0.9062414765357971, 0.5107166171073914)",1,3.3124237060546875,1,2.9493408203125,1
1.0439283847808838,"(0.8872156143188477, 0.5105438232421875)",1,"(0.8998421430587769, 0.5111121535301208)",1,3.3137359619140625,1,2.9517974853515625,1
1.0608255863189697,"(0.8843842148780823, 0.5226527452468872)",1,"(0.8963651657104492, 0.5139061808586121)",1,3.3173828125,1,2.9508209228515625,1
1.0767903327941895,"(0.8824425935745239, 0.5275579690933228)",1,"(0.8969477415084839, 0.5134069323539734)",1,3.3238067626953125,1,2.948211669921875,1
1.093421220779419,"(0.8828831911087036, 0.5317781567573547)",1,"(0.8951749801635742, 0.5136438012123108)",1,3.3193511962890625,1,2.946502685546875,1
1.110588550567627,"(0.8836876153945923, 0.5320685505867004)",1,"(0.8958637714385986, 0.5124831199645996)",1,3.319610595703125,1,2.9380950927734375,1
1.1276791095733643,"(0.8828890919685364, 0.5316786170005798)",1,"(0.8943338394165039, 0.5173026919364929)",1,3.3032684326171875,1,2.9495086669921875,1
1.143801212310791,"(0.8792775273323059, 0.53358393907547)",1,"(0.8927500247955322, 0.5202391147613525)",1,3.298126220703125,1,2.962615966796875,1
1.1603806018829346,"(0.8778838515281677, 0.5385591387748718)",1,"(0.8900497555732727, 0.5187339186668396)",1,3.3115386962890625,1,2.953338623046875,1
1.176863431930542,"(0.8788768649101257, 0.536994993686676)",1,"(0.8884781002998352, 0.5252685546875)",1,3.3095245361328125,1,2.933624267578125,1
1.1939337253570557,"(0.8796742558479309, 0.5393415689468384)",1,"(0.8899130821228027, 0.5317337512969971)",1,3.3153839111328125,1,2.9378814697265625,1
1.2107181549072266,"(0.8795014023780823, 0.5422080159187317)",1,"(0.8878279328346252, 0.5298007726669312)",1,3.3117218017578125,1,2.947509765625,1
1.2267975807189941,"(0.8774465918540955, 0.5418108701705933)",1,"(0.8872060179710388, 0.5285031199455261)",1,3.3083648681640625,1,2.936737060546875,1
1.243983268737793,"(0.8743893504142761, 0.5432165265083313)",1,"(0.8866024613380432, 0.5324544906616211)",1,3.3046875,1,2.9308624267578125,1
1.260366439819336,"(0.8726760149002075, 0.5447986125946045)",1,"(0.8838933110237122, 0.5303305387496948)",1,3.3016204833984375,1,2.92010498046875,1
1.2769625186920166,"(0.8722569346427917, 0.545967161655426)",1,"(0.8858559727668762, 0.5317253470420837)",1,3.30419921875,1,2.92694091796875,1
1.2942578792572021,"(0.8706587553024292, 0.5481053590774536)",1,"(0.8881725668907166, 0.5318112969398499)",1,3.294891357421875,1,2.93475341796875,1
1.3098559379577637,"(0.8706214427947998, 0.5486388206481934)",1,"(0.8846113085746765, 0.53873610496521)",1,3.2906494140625,1,2.93780517578125,1
1.3272621631622314,"(0.8728318214416504, 0.5476700663566589)",1,"(0.8858716487884521, 0.5383429527282715)",1,3.2722930908203125,1,2.927703857421875,1
1.3664357662200928,"(0.8717328310012817, 0.5489057898521423)",1,"(0.8862581253051758, 0.53681480884552)",1,3.2605743408203125,1,2.9044952392578125,1
1.3674356937408447,"(0.8704054951667786, 0.553633451461792)",1,"(0.8845276832580566, 0.540761411190033)",1,3.26983642578125,1,2.909332275390625,1
1.3774309158325195,"(0.8703033328056335, 0.5564271211624146)",1,"(0.8819199204444885, 0.544863760471344)",1,3.268829345703125,1,2.9119415283203125,1
1.3934366703033447,"(0.8719816207885742, 0.5564599633216858)",1,"(0.881152331829071, 0.5483266711235046)",1,3.278228759765625,1,2.9049072265625,1
1.410428762435913,"(0.8715800642967224, 0.5605756640434265)",1,"(0.8796551823616028, 0.5450741648674011)",1,3.2756195068359375,1,2.9109039306640625,1
1.4264369010925293,"(0.8706074953079224, 0.5615798234939575)",1,"(0.8803721070289612, 0.5447096228599548)",1,3.2579193115234375,1,2.913665771484375,1
1.4435575008392334,"(0.8698292970657349, 0.5608306527137756)",1,"(0.8818167448043823, 0.5431248545646667)",1,3.256256103515625,1,2.89569091796875,1
1.4606804847717285,"(0.8671560883522034, 0.5606972575187683)",1,"(0.8782544136047363, 0.540859580039978)",1,3.2640533447265625,1,2.8859710693359375,1
1.4763569831848145,"(0.8675146102905273, 0.560373842716217)",1,"(0.8784705996513367, 0.544021487236023)",1,3.250152587890625,1,2.8809814453125,1
1.4932923316955566,"(0.8699113130569458, 0.5622032284736633)",1,"(0.8782633543014526, 0.5428178310394287)",1,3.2488861083984375,1,2.883544921875,1
1.5092923641204834,"(0.869428813457489, 0.5620983242988586)",1,"(0.8781751394271851, 0.5408972501754761)",1,3.2518310546875,1,2.8869171142578125,1
1.5273008346557617,"(0.8685914278030396, 0.5535978674888611)",1,"(0.8809077143669128, 0.5443360805511475)",1,3.23175048828125,1,2.880096435546875,1
1.543299913406372,"(0.8679964542388916, 0.5495889782905579)",1,"(0.8796935677528381, 0.5457437634468079)",1,3.2258758544921875,1,2.8619384765625,1
1.5602996349334717,"(0.8686450123786926, 0.5444779992103577)",1,"(0.8780936598777771, 0.5454632043838501)",1,3.2202606201171875,1,2.8582611083984375,1
1.5760784149169922,"(0.8658246397972107, 0.5508832931518555)",1,"(0.8761285543441772, 0.5505340099334717)",1,3.20989990234375,1,2.864654541015625,1
1.5930888652801514,"(0.8618689775466919, 0.562637984752655)",1,"(0.8783705830574036, 0.5505298376083374)",1,3.206207275390625,1,2.86590576171875,1
1.6099472045898438,"(0.8620030879974365, 0.5633220672607422)",1,"(0.8804991841316223, 0.5497466325759888)",1,3.196319580078125,1,2.8511199951171875,1
1.6271517276763916,"(0.8621852993965149, 0.5633876919746399)",1,"(0.8790013790130615, 0.5452052354812622)",1,3.199615478515625,1,2.833953857421875,1
1.6431841850280762,"(0.863244354724884, 0.5615301728248596)",1,"(0.8770315647125244, 0.5486962199211121)",1,3.1956634521484375,1,2.84088134765625,1
1.6605677604675293,"(0.8644837141036987, 0.5537915825843811)",1,"(0.8762004375457764, 0.5484835505485535)",1,3.1727294921875,1,2.838134765625,1
1.6762351989746094,"(0.8629328608512878, 0.5535501837730408)",1,"(0.874590277671814, 0.5455373525619507)",1,3.1665802001953125,1,2.8277740478515625,1
1.693317174911499,"(0.8646849393844604, 0.558777928352356)",1,"(0.8736421465873718, 0.5455905199050903)",1,3.158355712890625,1,2.8215789794921875,1
1.7100272178649902,"(0.8664552569389343, 0.5606409311294556)",1,"(0.8751052021980286, 0.5514776706695557)",1,3.1539459228515625,1,2.8185577392578125,1
1.7270498275756836,"(0.8669458627700806, 0.5691391229629517)",1,"(0.8750486373901367, 0.5524168014526367)",1,3.15533447265625,1,2.8040924072265625,1
1.7434382438659668,"(0.8664760589599609, 0.5700290203094482)",1,"(0.8754895329475403, 0.5472117066383362)",1,3.1501312255859375,1,2.7837066650390625,1
1.7603845596313477,"(0.8646737337112427, 0.5681578516960144)",1,"(0.8756694793701172, 0.5493082404136658)",1,3.1365814208984375,1,2.79022216796875,1
1.7762069702148438,"(0.861655592918396, 0.5683561563491821)",1,"(0.8723388314247131, 0.5517303943634033)",1,3.1219024658203125,1,2.808868408203125,1
1.793670654296875,"(0.8581118583679199, 0.5699517130851746)",1,"(0.8739030957221985, 0.5522453784942627)",1,3.1216583251953125,1,2.8105926513671875,1
1.8093626499176025,"(0.8591635823249817, 0.5707225799560547)",1,"(0.8737514615058899, 0.5459282398223877)",1,3.1228790283203125,1,2.7889556884765625,1
1.8271121978759766,"(0.8659990429878235, 0.5583322644233704)",1,"(0.8777859807014465, 0.537778377532959)",1,3.1088714599609375,1,2.774322509765625,1
1.843261957168579,"(0.8766961693763733, 0.5525031089782715)",1,"(0.8841391205787659, 0.544135570526123)",1,3.1096343994140625,1,2.771270751953125,1
1.8603017330169678,"(0.8831174969673157, 0.5595825910568237)",1,"(0.9070725440979004, 0.5405155420303345)",1,3.1204681396484375,1,2.7899627685546875,1
1.875950574874878,"(0.8833637237548828, 0.559188961982727)",1,"(0.9186933636665344, 0.5095719695091248)",1,3.115264892578125,1,2.77886962890625,1
1.8936576843261719,"(0.8829061388969421, 0.5541640520095825)",1,"(0.9185390472412109, 0.510254979133606)",1,3.110198974609375,1,2.7894134521484375,1
1.9096899032592773,"(0.8821033835411072, 0.5518192648887634)",1,"(0.915097177028656, 0.5105921030044556)",1,3.1052703857421875,1,2.774200439453125,1
1.9267029762268066,"(0.882373571395874, 0.55378258228302)",1,"(0.9157984256744385, 0.5096961855888367)",1,3.1001129150390625,1,2.7597503662109375,1
1.9423346519470215,"(0.8817049860954285, 0.5570186376571655)",1,"(0.9189969897270203, 0.5129016637802124)",1,3.0966949462890625,1,2.74542236328125,1
1.9602575302124023,"(0.8791136145591736, 0.5589047074317932)",1,"(0.9157631397247314, 0.5124784708023071)",1,3.0951080322265625,1,2.736968994140625,1
1.9763259887695312,"(0.8802220821380615, 0.5625616908073425)",1,"(0.916034996509552, 0.5102574229240417)",1,3.0849761962890625,1,2.7543792724609375,1
1.9933524131774902,"(0.878009021282196, 0.5684530138969421)",1,"(0.914345383644104, 0.5112347602844238)",1,3.0783843994140625,1,2.7611541748046875,1
2.0094709396362305,"(0.8760634660720825, 0.5666179060935974)",1,"(0.9123367071151733, 0.5152435898780823)",1,3.083099365234375,1,2.752685546875,1
2.026538372039795,"(0.8773362636566162, 0.5675231218338013)",1,"(0.9147933125495911, 0.5152137875556946)",1,3.08880615234375,1,2.739593505859375,1
2.042557954788208,"(0.8741813898086548, 0.5708674788475037)",1,"(0.9151861071586609, 0.5154740810394287)",1,3.0814056396484375,1,2.7230682373046875,1
2.060373306274414,"(0.8753306269645691, 0.5720610618591309)",1,"(0.9137174487113953, 0.5191060900688171)",1,3.065460205078125,1,2.71759033203125,1
2.076350450515747,"(0.8756764531135559, 0.5738018155097961)",1,"(0.9084545969963074, 0.5182448029518127)",1,3.0602264404296875,1,2.7191009521484375,1
2.093482255935669,"(0.874345064163208, 0.5707483291625977)",1,"(0.9051403999328613, 0.5136301517486572)",1,3.0447540283203125,1,2.7163238525390625,1
2.109673500061035,"(0.8726840615272522, 0.5708922147750854)",1,"(0.9066351056098938, 0.5151562690734863)",1,3.038726806640625,1,2.7198486328125,1
2.1268293857574463,"(0.8700501918792725, 0.5764945149421692)",1,"(0.9087738990783691, 0.5160014629364014)",1,3.0494537353515625,1,2.7213287353515625,1
2.1429283618927,"(0.871140718460083, 0.5759733319282532)",1,"(0.9085917472839355, 0.5170502066612244)",1,3.0462493896484375,1,2.71270751953125,1
2.159914255142212,"(0.8734021782875061, 0.5750340223312378)",1,"(0.9082390069961548, 0.5174300074577332)",1,3.0310211181640625,1,2.717437744140625,1
2.1759321689605713,"(0.8729564547538757, 0.5761585235595703)",1,"(0.9058566093444824, 0.5197886824607849)",1,3.02691650390625,1,2.71368408203125,1
2.193430185317993,"(0.8726215362548828, 0.5729541182518005)",1,"(0.9042403101921082, 0.5214883685112)",1,3.0186920166015625,1,2.700439453125,1
2.2095704078674316,"(0.8711779117584229, 0.5715197920799255)",1,"(0.9050318002700806, 0.5227218866348267)",1,3.019134521484375,1,2.699737548828125,1
2.2264885902404785,"(0.8708199858665466, 0.573157787322998)",1,"(0.9066920280456543, 0.5194061994552612)",1,3.0298919677734375,1,2.699462890625,1
2.242367744445801,"(0.8727896213531494, 0.5734456181526184)",1,"(0.9073238372802734, 0.5197591185569763)",1,3.019195556640625,1,2.69720458984375,1
2.259417772293091,"(0.8719764351844788, 0.5730076432228088)",1,"(0.9094454050064087, 0.521573007106781)",1,3.0114288330078125,1,2.698455810546875,1
2.2760775089263916,"(0.8719446659088135, 0.573654294013977)",1,"(0.9086719155311584, 0.5243621468544006)",1,3.019500732421875,1,2.693084716796875,1
2.293154716491699,"(0.8710798025131226, 0.5738096237182617)",1,"(0.9047743082046509, 0.5284966230392456)",1,3.0111083984375,1,2.7001800537109375,1
2.3091747760772705,"(0.8696253299713135, 0.5783770084381104)",1,"(0.9040343761444092, 0.5240586400032043)",1,3.003326416015625,1,2.696624755859375,1
2.3259692192077637,"(0.868277907371521, 0.5875146985054016)",1,"(0.9012177586555481, 0.5213484168052673)",1,3.01019287109375,1,2.68914794921875,1
2.3426573276519775,"(0.8695626854896545, 0.5865263938903809)",1,"(0.8994042277336121, 0.5278767943382263)",1,3.0175323486328125,1,2.696685791015625,1
2.359750509262085,"(0.8715973496437073, 0.5821816325187683)",1,"(0.9021652340888977, 0.5280261635780334)",1,2.9987945556640625,1,2.6937103271484375,1
2.3754968643188477,"(0.8696296811103821, 0.5810291171073914)",1,"(0.9008814692497253, 0.5276971459388733)",1,2.98828125,1,2.6802978515625,1
2.3932065963745117,"(0.872508704662323, 0.5790367722511292)",1,"(0.9013722538948059, 0.5305761098861694)",1,2.980010986328125,1,2.6663055419921875,1
2.4093739986419678,"(0.8738524913787842, 0.5789063572883606)",1,"(0.9041536450386047, 0.5311612486839294)",1,2.9873046875,1,2.6651458740234375,1
2.4263885021209717,"(0.8723714351654053, 0.5796021223068237)",1,"(0.9034532904624939, 0.5308605432510376)",1,2.9964599609375,1,2.673919677734375,1
2.4418129920959473,"(0.8718945980072021, 0.5794505476951599)",1,"(0.9021854400634766, 0.5302977561950684)",1,2.9967193603515625,1,2.6670379638671875,1
2.460031509399414,"(0.8708997368812561, 0.5819759368896484)",1,"(0.9011884331703186, 0.526578426361084)",1,2.9958953857421875,1,2.6534576416015625,1
2.476111888885498,"(0.8692269921302795, 0.5814700722694397)",1,"(0.9018463492393494, 0.5260652899742126)",1,2.9805450439453125,1,2.6444244384765625,1
2.4930622577667236,"(0.8714638352394104, 0.5802428126335144)",1,"(0.9004729390144348, 0.5273851752281189)",1,2.977020263671875,1,2.6484375,1
2.508695363998413,"(0.8729347586631775, 0.5806487798690796)",1,"(0.8980906009674072, 0.5287580490112305)",1,2.97265625,1,2.64404296875,1
2.52638840675354,"(0.8710667490959167, 0.5805065035820007)",1,"(0.8982445001602173, 0.5324861407279968)",1,2.9712677001953125,1,2.6413116455078125,1
2.542698621749878,"(0.8693761229515076, 0.5830315947532654)",1,"(0.8970438241958618, 0.5306242108345032)",1,2.9701690673828125,1,2.642120361328125,1
2.5597877502441406,"(0.8714715838432312, 0.5761958956718445)",1,"(0.8973937034606934, 0.5307971239089966)",1,2.9535675048828125,1,2.6467742919921875,1
2.5759482383728027,"(0.8715869188308716, 0.576617419719696)",1,"(0.897750973701477, 0.5342994928359985)",1,2.9588165283203125,1,2.6322784423828125,1
2.5928823947906494,"(0.8692699670791626, 0.5869750380516052)",1,"(0.8991877436637878, 0.5341845750808716)",1,2.9630279541015625,1,2.6349945068359375,1
2.6086537837982178,"(0.8691912293434143, 0.5885509252548218)",1,"(0.9005985260009766, 0.5334287285804749)",1,2.952056884765625,1,2.6481781005859375,1
2.626263380050659,"(0.8698498010635376, 0.5861606001853943)",1,"(0.9012170433998108, 0.5328661203384399)",1,2.9485626220703125,1,2.6501007080078125,1
2.642545700073242,"(0.870820939540863, 0.5847199559211731)",1,"(0.9019446969032288, 0.5366981029510498)",1,2.952239990234375,1,2.655364990234375,1
2.6596198081970215,"(0.8685211539268494, 0.5790526270866394)",1,"(0.9013752341270447, 0.5408031940460205)",1,2.9508819580078125,1,2.6556854248046875,1
2.6758620738983154,"(0.8658894300460815, 0.5766666531562805)",1,"(0.8997095227241516, 0.5336871147155762)",1,2.9465789794921875,1,2.6602020263671875,1
2.6929259300231934,"(0.8673229217529297, 0.5799977779388428)",1,"(0.8998965620994568, 0.5303626656532288)",1,2.9457855224609375,1,2.65625,1
2.7091543674468994,"(0.868370532989502, 0.5836206078529358)",1,"(0.8989722728729248, 0.5307295918464661)",1,2.9543914794921875,1,2.6607666015625,1
2.726321220397949,"(0.849790096282959, 0.5780911445617676)",1,"(0.8871360421180725, 0.5250830054283142)",1,2.970703125,1,2.6590118408203125,1
2.7418673038482666,"(0.8283569812774658, 0.5660051703453064)",1,"(0.8551250100135803, 0.5268288254737854)",1,2.9763336181640625,1,2.6725311279296875,1
2.7596094608306885,"(0.8257421851158142, 0.5633233189582825)",1,"(0.8427728414535522, 0.5279389023780823)",1,2.9611358642578125,1,2.686614990234375,1
2.77512526512146,"(0.8275173902511597, 0.5678110122680664)",1,"(0.8337737917900085, 0.5321497917175293)",1,2.959442138671875,1,2.6881561279296875,1
2.7928197383880615,"(0.8263233304023743, 0.5738715529441833)",1,"(0.8315827250480652, 0.5331741571426392)",1,2.9674224853515625,1,2.688934326171875,1
2.809229850769043,"(0.8273440599441528, 0.5721653699874878)",1,"(0.8315315246582031, 0.5423557758331299)",1,2.9773101806640625,1,2.6888275146484375,1
2.8259217739105225,"(0.8258216977119446, 0.5703251957893372)",1,"(0.8379920125007629, 0.535412609577179)",1,2.97296142578125,1,2.6803741455078125,1
2.8424909114837646,"(0.8258585929870605, 0.5691642165184021)",1,"(0.8403865098953247, 0.5332613587379456)",1,2.97589111328125,1,2.6819305419921875,1
2.859497547149658,"(0.8304067850112915, 0.5636278390884399)",1,"(0.8383489847183228, 0.531509518623352)",1,2.9824676513671875,1,2.6907806396484375,1
2.875113010406494,"(0.8459835648536682, 0.5609947443008423)",1,"(0.8397371768951416, 0.5279331207275391)",1,2.9896240234375,1,2.71417236328125,1
2.89186692237854,"(nan, nan)",0,"(nan, nan)",0,,0,,0
2.9083826541900635,"(0.537108838558197, 0.500120222568512)",1,"(0.5569859743118286, 0.519972026348114)",1,2.9518890380859375,1,2.6869964599609375,1
2.925570249557495,"(0.5419085621833801, 0.4991210997104645)",1,"(0.5549048781394958, 0.5140184760093689)",1,2.9702911376953125,1,2.70745849609375,1
2.9418046474456787,"(0.5363282561302185, 0.5050346255302429)",1,"(0.5407556891441345, 0.509673535823822)",1,2.97235107421875,1,2.6982879638671875,1
2.959465265274048,"(0.5403262972831726, 0.5024847984313965)",1,"(0.5414204001426697, 0.5022820234298706)",1,2.97802734375,1,2.6924591064453125,1
2.9754767417907715,"(0.5441907644271851, 0.49990567564964294)",1,"(0.542907178401947, 0.50197434425354)",1,2.9698333740234375,1,2.6900482177734375,1
2.992501974105835,"(0.541900098323822, 0.49911054968833923)",1,"(0.5427555441856384, 0.496602326631546)",1,2.9734649658203125,1,2.6837615966796875,1
3.0089282989501953,"(0.5432937741279602, 0.49537393450737)",1,"(0.5415371060371399, 0.48822057247161865)",1,2.9764404296875,1,2.6877593994140625,1
3.026052474975586,"(0.5445700883865356, 0.49292850494384766)",1,"(0.5416187644004822, 0.486960768699646)",1,2.975372314453125,1,2.6929473876953125,1
3.04217267036438,"(0.5467585921287537, 0.4910902678966522)",1,"(0.5432456135749817, 0.48856842517852783)",1,2.9771575927734375,1,2.6932830810546875,1
3.0593669414520264,"(0.5463550686836243, 0.4883573353290558)",1,"(0.543090283870697, 0.4892899692058563)",1,2.9683685302734375,1,2.7031402587890625,1
3.0755276679992676,"(0.5475487112998962, 0.4849257171154022)",1,"(0.5444270372390747, 0.487463116645813)",1,2.96429443359375,1,2.7076263427734375,1
3.0926625728607178,"(0.5472577810287476, 0.48162195086479187)",1,"(0.5436789989471436, 0.48694783449172974)",1,2.96661376953125,1,2.6946868896484375,1
3.1088674068450928,"(0.5478521585464478, 0.47802382707595825)",1,"(0.5421990156173706, 0.48661234974861145)",1,2.9635009765625,1,2.6993865966796875,1
3.1259829998016357,"(0.5472621321678162, 0.47850537300109863)",1,"(0.5431926250457764, 0.48368939757347107)",1,2.96209716796875,1,2.71429443359375,1
3.1420037746429443,"(0.5462011098861694, 0.4803226888179779)",1,"(0.5446417927742004, 0.4826918840408325)",1,2.9477081298828125,1,2.69708251953125,1
3.1790196895599365,"(0.5344766974449158, 0.45853370428085327)",1,"(0.5332333445549011, 0.465851366519928)",1,2.940093994140625,1,2.67755126953125,1
3.1799540519714355,"(0.5099536776542664, 0.4199630320072174)",1,"(0.5110612511634827, 0.43526917695999146)",1,2.94970703125,1,2.6900482177734375,1
3.1922221183776855,"(0.4994019865989685, 0.40688860416412354)",1,"(0.5016717314720154, 0.42136135697364807)",1,2.944610595703125,1,2.696563720703125,1
3.2082014083862305,"(0.49785444140434265, 0.3968505859375)",1,"(0.5049013495445251, 0.4092367887496948)",1,2.9374542236328125,1,2.6813812255859375,1
3.2261929512023926,"(0.4999198615550995, 0.3793628513813019)",1,"(0.5055452585220337, 0.40890949964523315)",1,2.9141845703125,1,2.680694580078125,1
3.2421882152557373,"(0.5028037428855896, 0.3787165582180023)",1,"(0.5042278170585632, 0.40754804015159607)",1,2.896514892578125,1,2.6729736328125,1
3.2593541145324707,"(0.5048049092292786, 0.3780577480792999)",1,"(0.5077089071273804, 0.4038785398006439)",1,2.8866729736328125,1,2.6610260009765625,1
3.2756218910217285,"(0.5066974759101868, 0.3812216520309448)",1,"(0.5086049437522888, 0.4028509259223938)",1,2.888427734375,1,2.655426025390625,1
3.2926394939422607,"(0.5080934166908264, 0.3787498474121094)",1,"(0.5098659992218018, 0.40483078360557556)",1,2.8758392333984375,1,2.6522064208984375,1
3.308781385421753,"(0.5086144804954529, 0.3788504898548126)",1,"(0.5121663212776184, 0.40577730536460876)",1,2.8638763427734375,1,2.6389923095703125,1
3.325146198272705,"(0.5085814595222473, 0.3778725266456604)",1,"(0.5094267129898071, 0.40319451689720154)",1,2.8553009033203125,1,2.62432861328125,1
3.3421196937561035,"(0.5086445808410645, 0.37347403168678284)",1,"(0.5064333081245422, 0.40365707874298096)",1,2.834747314453125,1,2.612579345703125,1
3.3591158390045166,"(0.49167555570602417, 0.37609660625457764)",1,"(0.5001535415649414, 0.4019072353839874)",1,2.8108062744140625,1,2.6033172607421875,1
3.3753573894500732,"(0.4342038035392761, 0.3937475383281708)",1,"(0.43980374932289124, 0.42087554931640625)",1,2.80242919921875,1,2.6031951904296875,1
3.3914544582366943,"(0.3846651613712311, 0.4239351749420166)",1,"(0.39731231331825256, 0.4445802867412567)",1,2.796722412109375,1,2.5853424072265625,1
3.408127784729004,"(0.2338734269142151, 0.48968878388404846)",1,"(0.24603645503520966, 0.5132531523704529)",1,2.7300262451171875,1,2.5736083984375,1
3.4249112606048584,"(0.2338734269142151, 0.48968878388404846)",1,"(0.2500745952129364, 0.5094493627548218)",1,2.7300262451171875,1,2.593231201171875,1
3.4418320655822754,"(0.2395932376384735, 0.4792434275150299)",1,"(0.25246462225914, 0.5067486763000488)",1,2.70697021484375,1,2.5714111328125,1
3.4589903354644775,"(0.24479325115680695, 0.4267691373825073)",1,"(0.253052294254303, 0.4996628761291504)",1,2.736724853515625,1,2.560791015625,1
3.4752001762390137,"(0.2436615228652954, 0.4250847101211548)",1,"(0.2532363831996918, 0.4988444745540619)",1,2.7286224365234375,1,2.5746307373046875,1
3.4925222396850586,"(0.2444029599428177, 0.4355734884738922)",1,"(0.2531687617301941, 0.49690771102905273)",1,2.7101593017578125,1,2.5571746826171875,1
3.5087857246398926,"(0.24443906545639038, 0.4325820505619049)",1,"(0.25496169924736023, 0.4994615912437439)",1,2.7107696533203125,1,2.5348052978515625,1
3.5257787704467773,"(0.24541649222373962, 0.43556761741638184)",1,"(0.25431689620018005, 0.4921894073486328)",1,2.707122802734375,1,2.5268402099609375,1
3.5416858196258545,"(0.24797198176383972, 0.436221718788147)",1,"(0.2524113357067108, 0.48884034156799316)",1,2.70318603515625,1,2.525665283203125,1
3.559321880340576,"(0.23971329629421234, 0.4344834089279175)",1,"(0.24949201941490173, 0.4917021691799164)",1,2.6935272216796875,1,2.5270843505859375,1
3.5752034187316895,"(0.2322959303855896, 0.4327450692653656)",1,"(0.2509390115737915, 0.48907801508903503)",1,2.68975830078125,1,2.52667236328125,1
3.592550277709961,"(0.23712317645549774, 0.4361105263233185)",1,"(0.2520518898963928, 0.48808732628822327)",1,2.7044219970703125,1,2.5436553955078125,1
3.608630895614624,"(0.2389911413192749, 0.43763962388038635)",1,"(0.24924342334270477, 0.48914453387260437)",1,2.708343505859375,1,2.53875732421875,1
3.6256396770477295,"(0.23915526270866394, 0.4377411901950836)",1,"(0.24985271692276, 0.4869023561477661)",1,2.702301025390625,1,2.5420074462890625,1
3.6413168907165527,"(0.24121804535388947, 0.43668872117996216)",1,"(0.25127169489860535, 0.4838220179080963)",1,2.698333740234375,1,2.546112060546875,1
3.658950090408325,"(0.24197018146514893, 0.429729700088501)",1,"(0.2504582107067108, 0.48404696583747864)",1,2.698150634765625,1,2.5344696044921875,1
3.6751739978790283,"(0.24036045372486115, 0.42678818106651306)",1,"(0.2503569722175598, 0.48769503831863403)",1,2.7029876708984375,1,2.5242767333984375,1
3.692203998565674,"(0.2395131140947342, 0.41893118619918823)",1,"(0.2500723898410797, 0.48773956298828125)",1,2.703704833984375,1,2.531982421875,1
3.7083404064178467,"(0.23905061185359955, 0.42042362689971924)",1,"(0.24793238937854767, 0.4852202534675598)",1,2.7071075439453125,1,2.5393218994140625,1
3.7255496978759766,"(0.2201872617006302, 0.44437211751937866)",1,"(0.24780113995075226, 0.500621497631073)",1,2.715118408203125,1,2.53497314453125,1
3.7418835163116455,"(0.22323092818260193, 0.5014100670814514)",1,"(0.24039316177368164, 0.5573115944862366)",1,2.7055816650390625,1,2.5409698486328125,1
3.759007453918457,"(0.22980552911758423, 0.5917066335678101)",1,"(0.23361587524414062, 0.6022109389305115)",1,2.69171142578125,1,2.5374755859375,1
3.7751381397247314,"(0.22421760857105255, 0.6020640134811401)",1,"(0.23662830889225006, 0.6118689775466919)",1,2.6812744140625,1,2.5176849365234375,1
3.792431354522705,"(0.22378839552402496, 0.6069962978363037)",1,"(0.2344389408826828, 0.6141852736473083)",1,2.68011474609375,1,2.5191650390625,1
3.808340311050415,"(0.22339889407157898, 0.6047425866127014)",1,"(0.2306465059518814, 0.6133715510368347)",1,2.676910400390625,1,2.5243377685546875,1
3.825620412826538,"(0.22476527094841003, 0.5978085994720459)",1,"(0.23238663375377655, 0.6145466566085815)",1,2.67095947265625,1,2.51971435546875,1
3.841695547103882,"(0.22468972206115723, 0.5938846468925476)",1,"(0.23562897741794586, 0.6116762161254883)",1,2.6670074462890625,1,2.5243072509765625,1
3.858933210372925,"(0.22329218685626984, 0.5904595851898193)",1,"(0.23687054216861725, 0.6088387966156006)",1,2.6803436279296875,1,2.5344085693359375,1
3.8750548362731934,"(0.22496730089187622, 0.5912911891937256)",1,"(0.2365325689315796, 0.6102225184440613)",1,2.6932830810546875,1,2.5413055419921875,1
3.891516923904419,"(0.22856540977954865, 0.5943567752838135)",1,"(0.23397128283977509, 0.6146648526191711)",1,2.6920623779296875,1,2.52947998046875,1
3.9065229892730713,"(0.2280796319246292, 0.5831812024116516)",1,"(0.23090578615665436, 0.6129053235054016)",1,2.71875,1,2.55352783203125,1
3.9236831665039062,"(nan, nan)",0,"(nan, nan)",0,,0,,0
3.939953088760376,"(nan, nan)",0,"(nan, nan)",0,,0,,0
3.957167387008667,"(nan, nan)",0,"(nan, nan)",0,,0,,0
3.9732744693756104,"(nan, nan)",0,"(nan, nan)",0,,0,,0
3.9905667304992676,"(nan, nan)",0,"(nan, nan)",0,,0,,0
4.006552696228027,"(nan, nan)",0,"(nan, nan)",0,,0,,0
4.023940563201904,"(nan, nan)",0,"(nan, nan)",0,,0,,0
4.039475440979004,"(nan, nan)",0,"(nan, nan)",0,,0,,0
4.058325529098511,"(0.533486008644104, 0.6075320839881897)",1,"(nan, nan)",0,2.8003692626953125,1,,0
4.074716806411743,"(0.5250729322433472, 0.6032061576843262)",1,"(0.5258604288101196, 0.6600410342216492)",1,2.789886474609375,1,2.4260711669921875,1
4.091495990753174,"(0.5134004354476929, 0.5937963724136353)",1,"(0.5258604288101196, 0.6600410342216492)",1,2.81500244140625,1,2.4260711669921875,1
4.1082353591918945,"(0.5157873034477234, 0.5901524424552917)",1,"(0.5396414995193481, 0.5770813226699829)",1,2.795654296875,1,2.477996826171875,1
4.125120162963867,"(0.5196614861488342, 0.5893606543540955)",1,"(0.5322692394256592, 0.5850028395652771)",1,2.8126983642578125,1,2.5906829833984375,1
4.141160726547241,"(0.5160567164421082, 0.5917288064956665)",1,"(0.538731038570404, 0.5697864890098572)",1,2.8172149658203125,1,2.5491485595703125,1
4.158191442489624,"(0.51463383436203, 0.5845019221305847)",1,"(0.5437437295913696, 0.5629544854164124)",1,2.81732177734375,1,2.5251617431640625,1
4.174778938293457,"(0.5143419504165649, 0.5786965489387512)",1,"(0.533446192741394, 0.5761510729789734)",1,2.8292999267578125,1,2.58038330078125,1
4.191924333572388,"(0.5143277645111084, 0.5796886682510376)",1,"(0.5350691080093384, 0.5760532021522522)",1,2.866455078125,1,2.5800628662109375,1
4.2081382274627686,"(0.5143601298332214, 0.5795080065727234)",1,"(0.5328179597854614, 0.5765724182128906)",1,2.8692626953125,1,2.5936279296875,1
4.22500467300415,"(0.5124242901802063, 0.5745008587837219)",1,"(0.5306906700134277, 0.5831735730171204)",1,2.86688232421875,1,2.612884521484375,1
4.241327524185181,"(0.5120502710342407, 0.5757936835289001)",1,"(0.5316160917282104, 0.5855515003204346)",1,2.874603271484375,1,2.615509033203125,1
4.258394479751587,"(0.5110352635383606, 0.57977694272995)",1,"(0.5307077765464783, 0.5922392010688782)",1,2.887939453125,1,2.628631591796875,1
4.274867296218872,"(0.5104824304580688, 0.5760828256607056)",1,"(0.5265299081802368, 0.5866512060165405)",1,2.8991851806640625,1,2.6292266845703125,1
4.291826963424683,"(0.5154681205749512, 0.5759178996086121)",1,"(0.5273295640945435, 0.5880694389343262)",1,2.9098663330078125,1,2.6245269775390625,1
4.307923793792725,"(0.5167222023010254, 0.5774990916252136)",1,"(0.5299943685531616, 0.5904111266136169)",1,2.926483154296875,1,2.6453704833984375,1
4.324899673461914,"(0.5155841708183289, 0.5808219909667969)",1,"(0.5317121744155884, 0.5887876152992249)",1,2.9444732666015625,1,2.6746368408203125,1
4.341407537460327,"(0.5022299885749817, 0.5943437814712524)",1,"(0.5156973600387573, 0.60019850730896)",1,2.968780517578125,1,2.687530517578125,1
4.3573899269104,"(0.4838716685771942, 0.606155514717102)",1,"(0.4979328215122223, 0.5962141156196594)",1,2.94012451171875,1,2.6291656494140625,1
4.374293327331543,"(0.3462952971458435, 0.5973212718963623)",1,"(0.36512044072151184, 0.6109873652458191)",1,2.922515869140625,1,2.7108917236328125,1
4.3915605545043945,"(0.3473944365978241, 0.6035888195037842)",1,"(0.36451292037963867, 0.6235468983650208)",1,2.9777069091796875,1,2.7808990478515625,1
4.407610177993774,"(0.35012397170066833, 0.6038260459899902)",1,"(0.36209043860435486, 0.6319250464439392)",1,2.98394775390625,1,2.785369873046875,1
4.425114870071411,"(0.3531460464000702, 0.5982353687286377)",1,"(0.3604896366596222, 0.6190600395202637)",1,2.98974609375,1,2.764556884765625,1
4.441116809844971,"(0.35442742705345154, 0.5971720814704895)",1,"(0.35943603515625, 0.6217771172523499)",1,2.981048583984375,1,2.7641448974609375,1
4.458150863647461,"(0.35759252309799194, 0.6036820411682129)",1,"(0.36193034052848816, 0.6268289685249329)",1,2.987091064453125,1,2.7778778076171875,1
4.474539279937744,"(0.35559970140457153, 0.605671763420105)",1,"(0.3672506511211395, 0.6262087225914001)",1,2.9940338134765625,1,2.7881011962890625,1
4.491361141204834,"(0.35313642024993896, 0.6041521430015564)",1,"(0.37089258432388306, 0.6215624213218689)",1,2.991241455078125,1,2.7901458740234375,1
4.508072376251221,"(0.3532312512397766, 0.6045500040054321)",1,"(0.374616414308548, 0.6074942350387573)",1,2.9964447021484375,1,2.7787628173828125,1
4.524889945983887,"(0.3506223261356354, 0.5994886159896851)",1,"(0.42058128118515015, 0.6050313115119934)",1,2.938232421875,1,2.767852783203125,1
4.540992736816406,"(0.49079445004463196, 0.6136300563812256)",1,"(0.493351012468338, 0.6059716939926147)",1,2.988433837890625,1,2.769317626953125,1
4.558477163314819,"(0.4878869950771332, 0.6113078594207764)",1,"(0.5063447952270508, 0.6093848943710327)",1,3.016357421875,1,2.767974853515625,1
4.574571371078491,"(0.48838314414024353, 0.6064128279685974)",1,"(0.5040572285652161, 0.610970139503479)",1,3.0047454833984375,1,2.7625274658203125,1
4.591739654541016,"(0.4900820553302765, 0.6021362543106079)",1,"(0.5026145577430725, 0.6036639213562012)",1,3.015533447265625,1,2.757476806640625,1
4.607951641082764,"(0.489342600107193, 0.5992552042007446)",1,"(0.5005133152008057, 0.5938973426818848)",1,3.01055908203125,1,2.7554473876953125,1
4.625048637390137,"(0.4871581494808197, 0.5963296294212341)",1,"(0.5039677023887634, 0.5969183444976807)",1,3.006927490234375,1,2.7526702880859375,1
4.64051628112793,"(0.4845217168331146, 0.5945984125137329)",1,"(0.5046238899230957, 0.6039749979972839)",1,3.0005950927734375,1,2.7329559326171875,1
4.658388614654541,"(0.4852493107318878, 0.6020923852920532)",1,"(0.4999068081378937, 0.5972344875335693)",1,2.9853057861328125,1,2.711090087890625,1
4.6744139194488525,"(0.48604440689086914, 0.6046122908592224)",1,"(0.4974218010902405, 0.5935744643211365)",1,2.9708251953125,1,2.700714111328125,1
4.6915283203125,"(0.48810502886772156, 0.6015704870223999)",1,"(0.4963192045688629, 0.5979480743408203)",1,2.9731903076171875,1,2.7150421142578125,1
4.707544326782227,"(0.4899120032787323, 0.6038941144943237)",1,"(0.5254323482513428, 0.6133720278739929)",1,3.027313232421875,1,2.738983154296875,1
4.7240893840789795,"(0.6678035259246826, 0.6208879351615906)",1,"(0.609732985496521, 0.6082550883293152)",1,3.0966339111328125,1,2.7107391357421875,1
4.740170001983643,"(0.6678035259246826, 0.6208879351615906)",1,"(0.7036561965942383, 0.5868106484413147)",1,3.0966339111328125,1,2.7319793701171875,1
4.757569313049316,"(nan, nan)",0,"(0.8307822942733765, 0.6156646609306335)",1,,0,2.7736053466796875,1
4.773986101150513,"(0.8118456602096558, 0.6091979742050171)",1,"(0.8226494193077087, 0.6192463636398315)",1,3.0139007568359375,1,2.7532501220703125,1
4.790876388549805,"(0.8173578381538391, 0.6034948825836182)",1,"(0.8200910687446594, 0.6200271248817444)",1,3.02716064453125,1,2.7481689453125,1
4.807715654373169,"(0.8157089948654175, 0.6008505821228027)",1,"(0.8134675025939941, 0.6212460398674011)",1,3.0209197998046875,1,2.7307586669921875,1
4.824720144271851,"(0.8108505010604858, 0.6024487018585205)",1,"(0.8169442415237427, 0.6165563464164734)",1,3.01531982421875,1,2.7049713134765625,1
4.840883016586304,"(0.8113355040550232, 0.6035138368606567)",1,"(0.8202151656150818, 0.6159889698028564)",1,3.01593017578125,1,2.700408935546875,1
4.857512474060059,"(0.8090550899505615, 0.6068241000175476)",1,"(0.8163778781890869, 0.6105173230171204)",1,3.0163421630859375,1,2.7157135009765625,1
4.874074697494507,"(0.8090910315513611, 0.6017516255378723)",1,"(0.8134850859642029, 0.606600821018219)",1,3.013580322265625,1,2.7176361083984375,1
4.891147613525391,"(0.8107408285140991, 0.6007372140884399)",1,"(0.8134009838104248, 0.6096075177192688)",1,3.0168304443359375,1,2.7141571044921875,1
4.9077467918396,"(0.8133198618888855, 0.6013168096542358)",1,"(0.8162087202072144, 0.6102293133735657)",1,3.02587890625,1,2.7143707275390625,1
4.924707651138306,"(0.8140998482704163, 0.6017998456954956)",1,"(0.8155240416526794, 0.6104657649993896)",1,3.0374755859375,1,2.7204132080078125,1
4.940897226333618,"(0.8131475448608398, 0.6022104620933533)",1,"(0.8139937520027161, 0.6119338274002075)",1,3.037750244140625,1,2.7225189208984375,1
4.957622289657593,"(0.8169190287590027, 0.6011075973510742)",1,"(0.8141760230064392, 0.6143612861633301)",1,3.0346221923828125,1,2.73773193359375,1
4.974191904067993,"(0.8170325756072998, 0.601365864276886)",1,"(0.8156107664108276, 0.6102373003959656)",1,3.0401153564453125,1,2.7350616455078125,1
4.991325378417969,"(0.8148819208145142, 0.6111058592796326)",1,"(0.815661609172821, 0.6051303744316101)",1,3.0575103759765625,1,2.7291107177734375,1
5.0073981285095215,"(0.8143479824066162, 0.6086251139640808)",1,"(0.8103512525558472, 0.6126342415809631)",1,3.059295654296875,1,2.7474517822265625,1
