time,left_gaze_point_on_display_area,left_gaze_point_validity,right_gaze_point_on_display_area,right_gaze_point_validity,left_pupil_diameter,left_pupil_validity,right_pupil_diameter,right_pupil_validity,fixation_center,eye_state
0.0,"(0.24969086050987244, 0.8148979544639587)",1,"(0.23310121893882751, 0.8326534628868103)",1,3.843353271484375,1,3.37542724609375,1,"(0.24495069770252004, 0.8095576517722186)",Fixation
0.0152399539947509,"(0.25297412276268005, 0.820127546787262)",1,"(0.2320987433195114, 0.8284080624580383)",1,3.840911865234375,1,3.3765869140625,1,"(0.24495069770252004, 0.8095576517722186)",Fixation
0.044053316116333,"(0.25143998861312866, 0.8194164037704468)",1,"(0.22801339626312256, 0.826330840587616)",1,3.832565307617188,1,3.368927001953125,1,"(0.24495069770252004, 0.8095576517722186)",Fixation
0.0612576007843017,"(0.24694809317588806, 0.8131258487701416)",1,"(0.22522854804992676, 0.819544792175293)",1,3.83514404296875,1,3.358154296875,1,"(0.24495069770252004, 0.8095576517722186)",Fixation
0.0767214298248291,"(0.24669311940670013, 0.8086984157562256)",1,"(0.2238197922706604, 0.8083459138870239)",1,3.8309326171875,1,3.3662872314453125,1,"(0.24495069770252004, 0.8095576517722186)",Fixation
0.0938127040863037,"(0.24632824957370758, 0.8066766262054443)",1,"(0.22373400628566742, 0.8095610737800598)",1,3.8180999755859375,1,3.377838134765625,1,"(0.24495069770252004, 0.8095576517722186)",Fixation
0.1104974746704101,"(0.24571767449378967, 0.8063110709190369)",1,"(0.22582854330539703, 0.8136536478996277)",1,3.8205413818359375,1,3.3678436279296875,1,"(0.24495069770252004, 0.8095576517722186)",Fixation
0.1272675991058349,"(0.2451348602771759, 0.804904580116272)",1,"(0.2266356647014618, 0.814243495464325)",1,3.826736450195313,1,3.359588623046875,1,"(0.24495069770252004, 0.8095576517722186)",Fixation
0.1438953876495361,"(0.2462911605834961, 0.805014967918396)",1,"(0.22475479543209076, 0.8167787790298462)",1,3.827224731445313,1,3.364120483398437,1,"(0.24495069770252004, 0.8095576517722186)",Fixation
0.1614575386047363,"(0.24585935473442078, 0.8080479502677917)",1,"(0.22379152476787567, 0.8173417448997498)",1,3.8250732421875,1,3.358184814453125,1,"(0.24495069770252004, 0.8095576517722186)",Fixation
0.1771519184112548,"(0.24445773661136627, 0.8078000545501709)",1,"(0.22501017153263092, 0.8164322972297668)",1,3.827682495117188,1,3.3526763916015625,1,"(0.24495069770252004, 0.8095576517722186)",Fixation
0.193817138671875,"(0.2398146092891693, 0.8086907267570496)",1,"(0.2228681445121765, 0.8167057633399963)",1,3.82562255859375,1,3.3604278564453125,1,"(0.24495069770252004, 0.8095576517722186)",Fixation
0.2106225490570068,"(0.23808985948562622, 0.8052890300750732)",1,"(0.2207280844449997, 0.8132848739624023)",1,3.8165130615234375,1,3.35833740234375,1,"(0.24495069770252004, 0.8095576517722186)",Fixation
0.2272329330444336,"(0.24016942083835602, 0.8087233901023865)",1,"(0.2211844027042389, 0.8144698739051819)",1,3.809295654296875,1,3.3494873046875,1,"(0.24495069770252004, 0.8095576517722186)",Fixation
0.2437577247619629,"(0.2415032833814621, 0.8122516870498657)",1,"(0.22441083192825317, 0.8140425086021423)",1,3.802886962890625,1,3.3436279296875,1,"(0.24495069770252004, 0.8095576517722186)",Fixation
0.2604260444641113,"(0.24230709671974182, 0.8073188066482544)",1,"(0.2248472273349762, 0.8132864832878113)",1,3.8002777099609375,1,3.3387908935546875,1,"(0.24495069770252004, 0.8095576517722186)",Fixation
0.2772829532623291,"(0.24074237048625946, 0.8051850199699402)",1,"(0.2245146781206131, 0.820686399936676)",1,3.792816162109375,1,3.321075439453125,1,"(0.24495069770252004, 0.8095576517722186)",Fixation
0.2938089370727539,"(0.23468981683254242, 0.8035895824432373)",1,"(0.21852503716945648, 0.8264297842979431)",1,3.7790374755859375,1,3.29656982421875,1,"(None, None)",Saccade
0.3116161823272705,"(0.47626498341560364, 0.6838453412055969)",1,"(None, None)",0,3.8109283447265625,1,,0,"(None, None)",Saccade
0.3270950317382812,"(0.52390056848526, 0.6867977976799011)",1,"(0.579694926738739, 0.6957929730415344)",1,3.824493408203125,1,3.3468780517578125,1,"(None, None)",Saccade
0.3437221050262451,"(0.5789262652397156, 0.6776512861251831)",1,"(0.5729391574859619, 0.6803981065750122)",1,3.824783325195313,1,3.2942352294921875,1,"(0.5850114186604818, 0.6628275096416474)",Fixation
0.3605170249938965,"(0.5788216590881348, 0.6784111261367798)",1,"(0.5667539238929749, 0.673121452331543)",1,3.829925537109375,1,3.2778778076171875,1,"(0.5850114186604818, 0.6628275096416474)",Fixation
0.3770899772644043,"(0.5757743120193481, 0.6823399662971497)",1,"(0.5641075372695923, 0.6690502166748047)",1,3.8126220703125,1,3.254913330078125,1,"(0.5850114186604818, 0.6628275096416474)",Fixation
0.3937385082244873,"(0.5735206604003906, 0.6842247247695923)",1,"(0.5639442205429077, 0.6698024272918701)",1,3.8058929443359375,1,3.2567291259765625,1,"(0.5850114186604818, 0.6628275096416474)",Fixation
0.4103946685791015,"(0.5722792744636536, 0.6823203563690186)",1,"(0.562483549118042, 0.6699753999710083)",1,3.80010986328125,1,3.2478485107421875,1,"(0.5850114186604818, 0.6628275096416474)",Fixation
0.4270622730255127,"(0.5721169710159302, 0.6795478463172913)",1,"(0.5618416666984558, 0.677608072757721)",1,3.798187255859375,1,3.2506866455078125,1,"(0.5850114186604818, 0.6628275096416474)",Fixation
0.4437272548675537,"(0.5726123452186584, 0.6731253862380981)",1,"(0.5641836524009705, 0.682654857635498)",1,3.791259765625,1,3.255401611328125,1,"(0.5850114186604818, 0.6628275096416474)",Fixation
0.4604074954986572,"(0.5712704062461853, 0.6744582056999207)",1,"(0.5630953311920166, 0.6822367310523987)",1,3.78875732421875,1,3.2515106201171875,1,"(0.5850114186604818, 0.6628275096416474)",Fixation
0.476527452468872,"(0.5699074864387512, 0.6761406064033508)",1,"(0.5616977214813232, 0.6804869771003723)",1,3.7826995849609375,1,3.244003295898437,1,"(0.5850114186604818, 0.6628275096416474)",Fixation
0.4937164783477783,"(0.570871889591217, 0.6748704314231873)",1,"(0.5625197291374207, 0.6748048067092896)",1,3.779876708984375,1,3.2296295166015625,1,"(0.5850114186604818, 0.6628275096416474)",Fixation
0.5104725360870361,"(0.5711978673934937, 0.6790288686752319)",1,"(0.5621953010559082, 0.6729118227958679)",1,3.7701568603515625,1,3.23095703125,1,"(0.5850114186604818, 0.6628275096416474)",Fixation
0.5272712707519531,"(0.5705991387367249, 0.6822400093078613)",1,"(0.5629406571388245, 0.6762471199035645)",1,3.7537689208984375,1,3.240585327148437,1,"(0.5850114186604818, 0.6628275096416474)",Fixation
0.543907880783081,"(0.5721690058708191, 0.6762953996658325)",1,"(0.5645767450332642, 0.6828610301017761)",1,3.743209838867188,1,3.225448608398437,1,"(0.5850114186604818, 0.6628275096416474)",Fixation
0.560572624206543,"(0.5718141198158264, 0.6736024618148804)",1,"(0.5638831853866577, 0.6811739802360535)",1,3.742340087890625,1,3.2171173095703125,1,"(0.5850114186604818, 0.6628275096416474)",Fixation
0.577272891998291,"(0.569350004196167, 0.6773049235343933)",1,"(0.5610425472259521, 0.6722573041915894)",1,3.740692138671875,1,3.197723388671875,1,"(0.5850114186604818, 0.6628275096416474)",Fixation
0.6089158058166504,"(0.5688329339027405, 0.6776306629180908)",1,"(0.5627310276031494, 0.6716424822807312)",1,3.7306060791015625,1,3.189788818359375,1,"(0.5850114186604818, 0.6628275096416474)",Fixation
0.61092209815979,"(0.5705263018608093, 0.6761681437492371)",1,"(0.5657514929771423, 0.6762027740478516)",1,3.717941284179688,1,3.195785522460937,1,"(0.5850114186604818, 0.6628275096416474)",Fixation
0.6272163391113281,"(0.5721429586410522, 0.6739808917045593)",1,"(0.5675427317619324, 0.6772447228431702)",1,3.72088623046875,1,3.190658569335937,1,"(0.5850114186604818, 0.6628275096416474)",Fixation
0.6435785293579102,"(0.5708808898925781, 0.6716558933258057)",1,"(0.5666686296463013, 0.6744471788406372)",1,3.710296630859375,1,3.172576904296875,1,"(0.5850114186604818, 0.6628275096416474)",Fixation
0.6604197025299072,"(0.5674965381622314, 0.6698927879333496)",1,"(0.5617871284484863, 0.6717537641525269)",1,3.6952056884765625,1,3.172149658203125,1,"(0.5850114186604818, 0.6628275096416474)",Fixation
0.6772806644439697,"(0.5662990808486938, 0.6735697984695435)",1,"(0.5600385069847107, 0.6743088364601135)",1,3.691619873046875,1,3.176177978515625,1,"(0.5850114186604818, 0.6628275096416474)",Fixation
0.6939976215362549,"(0.5670922994613647, 0.6762349009513855)",1,"(0.5615430474281311, 0.6698516011238098)",1,3.682586669921875,1,3.161895751953125,1,"(0.5850114186604818, 0.6628275096416474)",Fixation
0.7109854221343994,"(0.5670468211174011, 0.6747595071792603)",1,"(0.5640028119087219, 0.663249671459198)",1,3.663787841796875,1,3.1493377685546875,1,"(0.5850114186604818, 0.6628275096416474)",Fixation
0.7273240089416504,"(0.5665990710258484, 0.6759486198425293)",1,"(0.5637840032577515, 0.6631758213043213)",1,3.6571044921875,1,3.1390380859375,1,"(0.5850114186604818, 0.6628275096416474)",Fixation
0.7437853813171387,"(0.5690401196479797, 0.6801621913909912)",1,"(0.5639082789421082, 0.6643862128257751)",1,3.6508636474609375,1,3.139373779296875,1,"(0.5850114186604818, 0.6628275096416474)",Fixation
0.7607645988464355,"(0.5710102915763855, 0.6796335577964783)",1,"(0.565118134021759, 0.6670722961425781)",1,3.6378326416015625,1,3.143310546875,1,"(0.5850114186604818, 0.6628275096416474)",Fixation
0.7773382663726807,"(0.569266676902771, 0.6782811880111694)",1,"(0.5649858117103577, 0.6679437756538391)",1,3.627044677734375,1,3.1313629150390625,1,"(0.5850114186604818, 0.6628275096416474)",Fixation
0.7940382957458496,"(0.5680552124977112, 0.6759761571884155)",1,"(0.5652322769165039, 0.6693832874298096)",1,3.61785888671875,1,3.133895874023437,1,"(0.5850114186604818, 0.6628275096416474)",Fixation
0.8104193210601807,"(0.5692809224128723, 0.6726369261741638)",1,"(0.5665280818939209, 0.6656484007835388)",1,3.615676879882813,1,3.124862670898437,1,"(0.5850114186604818, 0.6628275096416474)",Fixation
0.8271253108978271,"(0.5766546130180359, 0.6556272506713867)",1,"(0.5774611234664917, 0.6502456068992615)",1,3.6198577880859375,1,3.098983764648437,1,"(0.5850114186604818, 0.6628275096416474)",Fixation
0.8439173698425293,"(0.591644287109375, 0.6370559930801392)",1,"(0.5908360481262207, 0.6359378099441528)",1,3.6076507568359375,1,3.099639892578125,1,"(0.5850114186604818, 0.6628275096416474)",Fixation
0.8604443073272705,"(0.5966159105300903, 0.6340014934539795)",1,"(0.592830240726471, 0.6293513178825378)",1,3.58746337890625,1,3.0930938720703125,1,"(0.5850114186604818, 0.6628275096416474)",Fixation
0.8773097991943359,"(0.5963713526725769, 0.6366072297096252)",1,"(0.5924176573753357, 0.6321695446968079)",1,3.5800018310546875,1,3.093231201171875,1,"(0.5850114186604818, 0.6628275096416474)",Fixation
0.8939852714538574,"(0.5996156334877014, 0.643485963344574)",1,"(0.5949506163597107, 0.6342499852180481)",1,3.57501220703125,1,3.080291748046875,1,"(0.5850114186604818, 0.6628275096416474)",Fixation
0.910597324371338,"(0.6024166345596313, 0.6459509134292603)",1,"(0.6005123257637024, 0.6327462196350098)",1,3.5640869140625,1,3.079818725585937,1,"(0.5850114186604818, 0.6628275096416474)",Fixation
0.9277632236480712,"(0.6011579632759094, 0.6528936624526978)",1,"(0.5997812151908875, 0.6322658658027649)",1,3.569061279296875,1,3.0865478515625,1,"(0.5850114186604818, 0.6628275096416474)",Fixation
0.9439597129821776,"(0.6007296442985535, 0.6565929055213928)",1,"(0.5972397923469543, 0.636516273021698)",1,3.555160522460937,1,3.0676422119140625,1,"(0.5850114186604818, 0.6628275096416474)",Fixation
0.9611976146697998,"(0.5977030396461487, 0.6544700860977173)",1,"(0.5976883172988892, 0.6392964124679565)",1,3.542327880859375,1,3.069122314453125,1,"(0.5850114186604818, 0.6628275096416474)",Fixation
0.969794511795044,"(0.5964954495429993, 0.653834879398346)",1,"(0.5986818671226501, 0.6347867250442505)",1,3.545883178710937,1,3.077011108398437,1,"(0.5850114186604818, 0.6628275096416474)",Fixation
0.9943482875823976,"(0.5977444052696228, 0.6497884392738342)",1,"(0.5958905816078186, 0.6334680318832397)",1,3.5414581298828125,1,3.076019287109375,1,"(0.5850114186604818, 0.6628275096416474)",Fixation
1.010638952255249,"(0.5978838205337524, 0.6480257511138916)",1,"(0.5937960743904114, 0.6313986778259277)",1,3.532928466796875,1,3.077850341796875,1,"(0.5850114186604818, 0.6628275096416474)",Fixation
1.027256727218628,"(0.5981749296188354, 0.6467663645744324)",1,"(0.5948613286018372, 0.6349586248397827)",1,3.5249176025390625,1,3.069915771484375,1,"(0.5850114186604818, 0.6628275096416474)",Fixation
1.043548583984375,"(0.5983289480209351, 0.6439316868782043)",1,"(0.5933005809783936, 0.6430143117904663)",1,3.514556884765625,1,3.0567169189453125,1,"(0.5850114186604818, 0.6628275096416474)",Fixation
1.0603249073028564,"(0.5998898148536682, 0.647123396396637)",1,"(0.5957279205322266, 0.6428683996200562)",1,3.5184478759765625,1,3.061676025390625,1,"(0.5850114186604818, 0.6628275096416474)",Fixation
1.077190399169922,"(0.5983144044876099, 0.6522052884101868)",1,"(0.5975354909896851, 0.640025794506073)",1,3.51702880859375,1,3.062835693359375,1,"(0.5850114186604818, 0.6628275096416474)",Fixation
1.094001293182373,"(0.5972064733505249, 0.6540659070014954)",1,"(0.5976306200027466, 0.6416233777999878)",1,3.5034942626953125,1,3.05615234375,1,"(0.5850114186604818, 0.6628275096416474)",Fixation
1.110734462738037,"(0.6001192927360535, 0.6543678045272827)",1,"(0.5966388583183289, 0.6383093595504761)",1,3.501449584960937,1,3.041168212890625,1,"(0.5850114186604818, 0.6628275096416474)",Fixation
1.127302169799805,"(0.6017006039619446, 0.6551848649978638)",1,"(0.5954225063323975, 0.6376272439956665)",1,3.501693725585937,1,3.034027099609375,1,"(0.5850114186604818, 0.6628275096416474)",Fixation
1.143857717514038,"(0.6020568013191223, 0.6574697494506836)",1,"(0.5993222594261169, 0.6311197280883789)",1,3.503890991210937,1,3.0366973876953125,1,"(0.5850114186604818, 0.6628275096416474)",Fixation
1.1605489253997805,"(0.6031380295753479, 0.6533747911453247)",1,"(0.5971927046775818, 0.6234715580940247)",1,3.503768920898437,1,3.0425262451171875,1,"(0.5850114186604818, 0.6628275096416474)",Fixation
1.1774225234985352,"(0.6016630530357361, 0.6523728370666504)",1,"(0.5936148762702942, 0.6301184892654419)",1,3.499130249023437,1,3.047698974609375,1,"(0.5850114186604818, 0.6628275096416474)",Fixation
1.1940040588378906,"(0.5973131060600281, 0.6633502840995789)",1,"(0.5964187979698181, 0.6306038498878479)",1,3.5102081298828125,1,3.039657592773437,1,"(0.5850114186604818, 0.6628275096416474)",Fixation
1.2101335525512695,"(0.595828652381897, 0.6616880297660828)",1,"(0.5986286401748657, 0.6274109482765198)",1,3.5069580078125,1,3.036651611328125,1,"(0.5850114186604818, 0.6628275096416474)",Fixation
1.2271199226379397,"(0.5968836545944214, 0.6530365347862244)",1,"(0.5975531339645386, 0.6299872398376465)",1,3.49462890625,1,3.0384979248046875,1,"(0.5850114186604818, 0.6628275096416474)",Fixation
1.2352492809295654,"(0.5979925990104675, 0.6534324288368225)",1,"(0.5964033007621765, 0.634762167930603)",1,3.5033721923828125,1,3.0555572509765625,1,"(0.5850114186604818, 0.6628275096416474)",Fixation
1.2606205940246582,"(0.5968645811080933, 0.6524282693862915)",1,"(0.5985749959945679, 0.6357412338256836)",1,3.4918670654296875,1,3.0703887939453125,1,"(0.5850114186604818, 0.6628275096416474)",Fixation
1.2699897289276123,"(0.5957239866256714, 0.6478548645973206)",1,"(0.600307047367096, 0.6378904581069946)",1,3.484832763671875,1,3.068084716796875,1,"(0.5850114186604818, 0.6628275096416474)",Fixation
1.2935919761657717,"(0.5981053113937378, 0.6431854367256165)",1,"(0.5992060899734497, 0.6426312327384949)",1,3.4975738525390625,1,3.074203491210937,1,"(0.5850114186604818, 0.6628275096416474)",Fixation
1.3030166625976562,"(0.6047536134719849, 0.6441220045089722)",1,"(0.5948024392127991, 0.6973409652709961)",1,3.5035400390625,1,3.02593994140625,1,"(0.5850114186604818, 0.6628275096416474)",Fixation
1.3192753791809082,"(0.6067929863929749, 0.6372626423835754)",1,"(0.5865423679351807, 0.7489725351333618)",1,3.475006103515625,1,2.905624389648437,1,"(0.5850114186604818, 0.6628275096416474)",Fixation
1.335486650466919,"(None, None)",0,"(None, None)",0,,0,,0,"(None, None)",Blink
1.3486435413360596,"(None, None)",0,"(None, None)",0,,0,,0,"(None, None)",Blink
1.367483615875244,"(None, None)",0,"(None, None)",0,,0,,0,"(None, None)",Blink
1.3861792087554932,"(None, None)",0,"(None, None)",0,,0,,0,"(None, None)",Blink
1.4028196334838867,"(None, None)",0,"(None, None)",0,,0,,0,"(None, None)",Blink
1.41959810256958,"(None, None)",0,"(None, None)",0,,0,,0,"(None, None)",Blink
1.4360613822937012,"(None, None)",0,"(None, None)",0,,0,,0,"(None, None)",Blink
1.4485540390014648,"(None, None)",0,"(None, None)",0,,0,,0,"(None, None)",Blink
1.4699444770812988,"(None, None)",0,"(None, None)",0,,0,,0,"(None, None)",Blink
1.482224464416504,"(None, None)",0,"(None, None)",0,,0,,0,"(None, None)",Blink
1.5106265544891355,"(0.5933815240859985, 0.6922592520713806)",1,"(0.5677776336669922, 0.7334485054016113)",1,3.427352905273437,1,2.844512939453125,1,"(None, None)",Saccade
1.5190110206604004,"(0.6005750298500061, 0.6515092849731445)",1,"(0.5677776336669922, 0.7334485054016113)",1,3.5622711181640625,1,2.844512939453125,1,"(0.605596580288627, 0.6205904375423085)",Fixation
1.5360047817230225,"(0.6039595007896423, 0.6182305812835693)",1,"(0.6080359816551208, 0.6039775013923645)",1,3.574188232421875,1,3.022323608398437,1,"(0.605596580288627, 0.6205904375423085)",Fixation
1.5606420040130615,"(0.6064902544021606, 0.629239022731781)",1,"(0.6038945317268372, 0.6133226752281189)",1,3.5310821533203125,1,3.069580078125,1,"(0.605596580288627, 0.6205904375423085)",Fixation
1.5772528648376465,"(0.6046900749206543, 0.622577428817749)",1,"(0.601685643196106, 0.6127303838729858)",1,3.559906005859375,1,3.0923309326171875,1,"(0.605596580288627, 0.6205904375423085)",Fixation
1.5938775539398191,"(0.6028753519058228, 0.6185733675956726)",1,"(0.6047705411911011, 0.6030732989311218)",1,3.560409545898437,1,3.0850067138671875,1,"(0.605596580288627, 0.6205904375423085)",Fixation
1.61016583442688,"(0.6101378202438354, 0.6148734092712402)",1,"(0.6037213206291199, 0.5987117290496826)",1,3.56390380859375,1,3.088897705078125,1,"(0.605596580288627, 0.6205904375423085)",Fixation
1.626753330230713,"(0.6093798279762268, 0.6101022958755493)",1,"(0.6040788292884827, 0.6051855087280273)",1,3.577011108398437,1,3.0989532470703125,1,"(0.605596580288627, 0.6205904375423085)",Fixation
1.6356828212738037,"(0.6121181845664978, 0.6128954291343689)",1,"(0.6033115983009338, 0.6069146394729614)",1,3.5847625732421875,1,3.1012420654296875,1,"(0.605596580288627, 0.6205904375423085)",Fixation
1.6602013111114502,"(0.6115463376045227, 0.6178691387176514)",1,"(0.600576639175415, 0.6114814281463623)",1,3.6067047119140634,1,3.1248779296875,1,"(0.605596580288627, 0.6205904375423085)",Fixation
1.6695590019226074,"(0.6001974940299988, 0.618732750415802)",1,"(0.599705696105957, 0.6116517782211304)",1,3.623443603515625,1,3.126068115234375,1,"(0.605596580288627, 0.6205904375423085)",Fixation
1.6866412162780762,"(0.5995925068855286, 0.6118921041488647)",1,"(0.60319584608078, 0.6029983758926392)",1,3.6212005615234375,1,3.1094970703125,1,"(0.605596580288627, 0.6205904375423085)",Fixation
1.7029380798339844,"(0.6037848591804504, 0.6145153641700745)",1,"(0.608778178691864, 0.606272280216217)",1,3.653121948242188,1,3.1493377685546875,1,"(None, None)",Saccade
1.7273037433624268,"(0.7549067139625549, 0.6033111810684204)",1,"(0.7655094265937805, 0.5953961610794067)",1,3.67523193359375,1,3.1538848876953125,1,"(0.767817524763254, 0.5841198013379023)",Fixation
1.7427830696105957,"(0.7629709839820862, 0.5882436037063599)",1,"(0.7660694718360901, 0.6031699776649475)",1,3.674285888671875,1,3.1671600341796875,1,"(0.767817524763254, 0.5841198013379023)",Fixation
1.7602803707122805,"(0.7680993676185608, 0.5920864343643188)",1,"(0.7704069018363953, 0.5978983640670776)",1,3.7087249755859375,1,3.173324584960937,1,"(0.767817524763254, 0.5841198013379023)",Fixation
1.7696843147277832,"(0.7701936960220337, 0.5901305675506592)",1,"(0.7681673169136047, 0.5936058759689331)",1,3.71405029296875,1,3.173675537109375,1,"(0.767817524763254, 0.5841198013379023)",Fixation
1.7939305305480957,"(0.7722238302230835, 0.5786297917366028)",1,"(0.7662145495414734, 0.5989150404930115)",1,3.702911376953125,1,3.1988067626953125,1,"(0.767817524763254, 0.5841198013379023)",Fixation
1.8105792999267576,"(0.7723075747489929, 0.5768641829490662)",1,"(0.7677928805351257, 0.5994728803634644)",1,3.714920043945313,1,3.206649780273437,1,"(0.767817524763254, 0.5841198013379023)",Fixation
1.8271427154541016,"(0.7713072299957275, 0.5808173418045044)",1,"(0.7655314207077026, 0.5950345993041992)",1,3.728958129882813,1,3.213104248046875,1,"(0.767817524763254, 0.5841198013379023)",Fixation
1.84282660484314,"(0.769602358341217, 0.5830086469650269)",1,"(0.7628125548362732, 0.5901564955711365)",1,3.734771728515625,1,3.2076416015625,1,"(0.767817524763254, 0.5841198013379023)",Fixation
1.8605902194976809,"(0.7687614560127258, 0.5850303769111633)",1,"(0.7594442367553711, 0.5958585739135742)",1,3.7415924072265625,1,3.231536865234375,1,"(0.767817524763254, 0.5841198013379023)",Fixation
1.8773772716522217,"(0.7691490054130554, 0.58473140001297)",1,"(0.7601444721221924, 0.600566565990448)",1,3.745071411132813,1,3.2476348876953125,1,"(0.767817524763254, 0.5841198013379023)",Fixation
1.8939146995544436,"(0.7669990658760071, 0.5781083703041077)",1,"(0.7633225917816162, 0.5942233800888062)",1,3.7426910400390634,1,3.227279663085937,1,"(0.767817524763254, 0.5841198013379023)",Fixation
1.910536289215088,"(0.7667326927185059, 0.5748925805091858)",1,"(0.76130211353302, 0.595474123954773)",1,3.7441253662109375,1,3.234710693359375,1,"(0.767817524763254, 0.5841198013379023)",Fixation
1.92729926109314,"(0.7683738470077515, 0.5777029395103455)",1,"(0.76192706823349, 0.5960902571678162)",1,3.752243041992188,1,3.24005126953125,1,"(0.767817524763254, 0.5841198013379023)",Fixation
1.9365332126617432,"(0.7791428565979004, 0.5692143440246582)",1,"(0.7758035659790039, 0.5801876783370972)",1,3.754913330078125,1,3.250228881835937,1,"(None, None)",Saccade
1.952739715576172,"(0.8037671446800232, 0.5348086357116699)",1,"(0.8032760620117188, 0.5380672216415405)",1,3.740921020507813,1,3.2523193359375,1,"(None, None)",Saccade
1.9761724472045896,"(0.8316317796707153, 0.4878968894481659)",1,"(0.8434422016143799, 0.4618300199508667)",1,3.738311767578125,1,3.261138916015625,1,"(0.8333850018680096, 0.4797779954969883)",Fixation
1.9939172267913816,"(0.8457170724868774, 0.4647616744041443)",1,"(0.8479726910591125, 0.4487706422805786)",1,3.7341461181640634,1,3.2377471923828125,1,"(0.8333850018680096, 0.4797779954969883)",Fixation
2.0095536708831787,"(0.8414798378944397, 0.4671214520931244)",1,"(0.8481142520904541, 0.4493914246559143)",1,3.716018676757813,1,3.2160186767578125,1,"(0.8333850018680096, 0.4797779954969883)",Fixation
2.0272912979125977,"(0.8386289477348328, 0.47317326068878174)",1,"(0.8475404381752014, 0.4496634602546692)",1,3.6990814208984375,1,3.2212677001953125,1,"(0.8333850018680096, 0.4797779954969883)",Fixation
2.042876005172729,"(0.8368937969207764, 0.4778198003768921)",1,"(0.8499581217765808, 0.4473029375076294)",1,3.679977416992188,1,3.2129058837890625,1,"(0.8333850018680096, 0.4797779954969883)",Fixation
2.0606849193573,"(0.8353874683380127, 0.48345431685447693)",1,"(0.8492186069488525, 0.4520881772041321)",1,3.657302856445313,1,3.189849853515625,1,"(0.8333850018680096, 0.4797779954969883)",Fixation
2.076140880584717,"(0.8337870240211487, 0.4882548153400421)",1,"(0.8478568196296692, 0.45282870531082153)",1,3.637054443359375,1,3.1678619384765625,1,"(0.8333850018680096, 0.4797779954969883)",Fixation
2.093884229660034,"(0.8325826525688171, 0.47940927743911743)",1,"(0.8478160500526428, 0.4552656412124634)",1,3.6297454833984375,1,3.1666717529296875,1,"(0.8333850018680096, 0.4797779954969883)",Fixation
2.1105260848999023,"(0.8315962553024292, 0.4787617325782776)",1,"(0.845790445804596, 0.4540991187095642)",1,3.6154632568359375,1,3.146728515625,1,"(0.8333850018680096, 0.4797779954969883)",Fixation
2.1269848346710205,"(0.828714907169342, 0.4813791513442993)",1,"(0.8426656126976013, 0.4510940909385681)",1,3.601669311523437,1,3.123779296875,1,"(0.8333850018680096, 0.4797779954969883)",Fixation
2.142812967300415,"(0.8273792862892151, 0.4831226170063019)",1,"(0.8417446613311768, 0.45807895064353943)",1,3.5796356201171875,1,3.108871459960937,1,"(0.8333850018680096, 0.4797779954969883)",Fixation
2.1605663299560547,"(0.8276486992835999, 0.48302212357521057)",1,"(0.8424616456031799, 0.463599294424057)",1,3.554412841796875,1,3.1092681884765625,1,"(0.8333850018680096, 0.4797779954969883)",Fixation
2.176222801208496,"(0.8269587159156799, 0.4819445013999939)",1,"(0.8394556045532227, 0.4654368758201599)",1,3.545135498046875,1,3.0972900390625,1,"(0.8333850018680096, 0.4797779954969883)",Fixation
2.1936068534851074,"(0.8313244581222534, 0.47864165902137756)",1,"(0.8396859169006348, 0.46613672375679016)",1,3.523101806640625,1,3.079193115234375,1,"(0.8333850018680096, 0.4797779954969883)",Fixation
2.2094860076904297,"(0.8330250978469849, 0.479776531457901)",1,"(0.8394318222999573, 0.4626915752887726)",1,3.502716064453125,1,3.0729217529296875,1,"(0.8333850018680096, 0.4797779954969883)",Fixation
2.2174510955810547,"(0.8314040303230286, 0.48790812492370605)",1,"(0.839047908782959, 0.4660274386405945)",1,3.4925689697265625,1,3.0726318359375,1,"(0.8333850018680096, 0.4797779954969883)",Fixation
2.2428762912750244,"(0.8430505394935608, 0.479565292596817)",1,"(0.8324823975563049, 0.48835453391075134)",1,3.4909820556640625,1,3.0699005126953125,1,"(None, None)",Saccade
2.25968337059021,"(0.8685267567634583, 0.47054973244667053)",1,"(0.8935496211051941, 0.4415507912635803)",1,3.472259521484375,1,3.024566650390625,1,"(0.8782097651408269, 0.46705394295545727)",Fixation
2.276152849197388,"(0.8851956129074097, 0.4634225368499756)",1,"(0.9130317568778992, 0.4125808775424957)",1,3.45538330078125,1,3.01177978515625,1,"(0.8782097651408269, 0.46705394295545727)",Fixation
2.2929513454437256,"(0.8870256543159485, 0.46447500586509705)",1,"(0.91349858045578, 0.4137977659702301)",1,3.436996459960937,1,3.003890991210937,1,"(0.8782097651408269, 0.46705394295545727)",Fixation
2.3095197677612305,"(0.8850505352020264, 0.46432313323020935)",1,"(0.9097176790237427, 0.4197298288345337)",1,3.418121337890625,1,2.9848785400390625,1,"(0.8782097651408269, 0.46705394295545727)",Fixation
2.3262853622436523,"(0.8847690224647522, 0.4541798233985901)",1,"(0.9088168144226074, 0.4199375510215759)",1,3.39642333984375,1,2.965438842773437,1,"(0.8782097651408269, 0.46705394295545727)",Fixation
2.342867851257324,"(0.8818014860153198, 0.45675092935562134)",1,"(0.9069600701332092, 0.42030468583106995)",1,3.372543334960937,1,2.951202392578125,1,"(0.8782097651408269, 0.46705394295545727)",Fixation
2.359564304351806,"(0.8778838515281677, 0.4608350098133087)",1,"(0.9073639512062073, 0.4204072952270508)",1,3.3719635009765625,1,2.943115234375,1,"(0.8782097651408269, 0.46705394295545727)",Fixation
2.3761990070343018,"(0.8763743042945862, 0.46372005343437195)",1,"(0.9062654972076416, 0.4196893274784088)",1,3.3705596923828125,1,2.9334716796875,1,"(0.8782097651408269, 0.46705394295545727)",Fixation
2.392803192138672,"(0.8758503794670105, 0.4716373383998871)",1,"(0.905022382736206, 0.4228053390979767)",1,3.359237670898437,1,2.931610107421875,1,"(0.8782097651408269, 0.46705394295545727)",Fixation
2.409474372863769,"(0.8752990365028381, 0.47129225730895996)",1,"(0.9062803983688354, 0.43012621998786926)",1,3.339691162109375,1,2.91546630859375,1,"(0.8782097651408269, 0.46705394295545727)",Fixation
2.4264843463897705,"(0.8741704225540161, 0.47525453567504883)",1,"(0.9071066975593567, 0.43202075362205505)",1,3.3242645263671875,1,2.910430908203125,1,"(0.8782097651408269, 0.46705394295545727)",Fixation
2.43524432182312,"(0.8715039491653442, 0.47740858793258667)",1,"(0.9097156524658203, 0.43668684363365173)",1,3.3053436279296875,1,2.8919830322265625,1,"(0.8782097651408269, 0.46705394295545727)",Fixation
2.459560871124268,"(0.8732759356498718, 0.47785231471061707)",1,"(0.9051982164382935, 0.4403987526893616)",1,3.29205322265625,1,2.872467041015625,1,"(0.8782097651408269, 0.46705394295545727)",Fixation
2.4686999320983887,"(0.8742901086807251, 0.48612359166145325)",1,"(0.898630678653717, 0.4404295086860657)",1,3.278472900390625,1,2.8611602783203125,1,"(None, None)",Saccade
2.4931468963623047,"(0.8300297260284424, 0.4975564777851105)",1,"(0.8669912815093994, 0.46906453371047974)",1,3.276763916015625,1,2.871246337890625,1,"(None, None)",Saccade
2.5020999908447266,"(0.7959170341491699, 0.5111578702926636)",1,"(0.8124502301216125, 0.5283844470977783)",1,3.301132202148437,1,2.90802001953125,1,"(None, None)",Saccade
2.518001079559326,"(0.7130127549171448, 0.5619821846485138)",2,"(None, None)",0,,0,,0,"(None, None)",Saccade
2.534498691558838,"(0.6301084756851196, 0.612806499004364)",1,"(0.6329891681671143, 0.6167747974395752)",1,3.1820831298828125,1,2.80426025390625,1,"(0.6413519978523254, 0.6178270663533892)",Fixation
2.560255527496338,"(0.638841986656189, 0.6176232099533081)",1,"(0.6375603079795837, 0.6143327951431274)",1,3.211334228515625,1,2.83447265625,1,"(0.6413519978523254, 0.6178270663533892)",Fixation
2.5761020183563232,"(0.6410740613937378, 0.6192970275878906)",1,"(0.6402045488357544, 0.6182180047035217)",1,3.2037353515625,1,2.811859130859375,1,"(0.6413519978523254, 0.6178270663533892)",Fixation
2.578817367553711,"(0.6425362825393677, 0.6204426884651184)",1,"(0.6422008872032166, 0.6268305778503418)",1,3.19757080078125,1,2.823211669921875,1,"(0.6413519978523254, 0.6178270663533892)",Fixation
2.599087238311768,"(0.6429429650306702, 0.6185938119888306)",1,"(0.6441352963447571, 0.6191097497940063)",1,3.198333740234375,1,2.8114166259765625,1,"(0.6413519978523254, 0.6178270663533892)",Fixation
2.616935968399048,"(0.6457118391990662, 0.6187452673912048)",1,"(0.6452280879020691, 0.6092917919158936)",1,3.192367553710937,1,2.8015899658203125,1,"(0.6413519978523254, 0.6178270663533892)",Fixation
2.6348865032196045,"(0.6482483744621277, 0.6172809600830078)",1,"(0.6447167992591858, 0.6102215051651001)",1,3.1855010986328125,1,2.8325958251953125,1,"(0.6413519978523254, 0.6178270663533892)",Fixation
2.652338981628418,"(0.6478765606880188, 0.6180115342140198)",1,"(0.6438266038894653, 0.6055834293365479)",1,3.1862945556640625,1,2.831527709960937,1,"(None, None)",Saccade
2.6691315174102783,"(0.6132325530052185, 0.6306427121162415)",1,"(0.6163775324821472, 0.6103320717811584)",1,3.2148895263671875,1,2.8328857421875,1,"(None, None)",Saccade
2.6849849224090576,"(0.5755072832107544, 0.6331811547279358)",1,"(0.5888786911964417, 0.6220256090164185)",1,3.209564208984375,1,2.79840087890625,1,"(None, None)",Saccade
2.700040817260742,"(0.38348057866096497, 0.6800622940063477)",1,"(0.4000040590763092, 0.6611931920051575)",1,3.118682861328125,1,2.8067169189453125,1,"(0.38785663672855925, 0.6803730726242065)",Fixation
2.7194201946258545,"(0.38290169835090637, 0.6787267923355103)",1,"(0.3995848298072815, 0.6673411726951599)",1,3.149398803710937,1,2.8457489013671875,1,"(0.38785663672855925, 0.6803730726242065)",Fixation
2.7350902557373047,"(0.38366594910621643, 0.6783191561698914)",1,"(0.3935788571834564, 0.6718863844871521)",1,3.151947021484375,1,2.8556671142578125,1,"(0.38785663672855925, 0.6803730726242065)",Fixation
2.759612560272217,"(0.38672176003456116, 0.6789733171463013)",1,"(0.39408159255981445, 0.6754628419876099)",1,3.1505279541015625,1,2.86151123046875,1,"(0.38785663672855925, 0.6803730726242065)",Fixation
2.7762038707733154,"(0.39062580466270447, 0.6788475513458252)",1,"(0.3952721357345581, 0.6730267405509949)",1,3.1519012451171875,1,2.8585968017578125,1,"(0.38785663672855925, 0.6803730726242065)",Fixation
2.78456974029541,"(0.39305150508880615, 0.6818963289260864)",1,"(0.3916020691394806, 0.6630969643592834)",1,3.143463134765625,1,2.809310913085937,1,"(0.38785663672855925, 0.6803730726242065)",Fixation
2.8031005859375,"(0.394549161195755, 0.6857860684394836)",1,"(None, None)",0,3.1721649169921875,1,,0,"(0.38785663672855925, 0.6803730726242065)",Fixation
2.8141884803771973,"(None, None)",0,"(None, None)",0,,0,,0,"(None, None)",Blink
2.8312017917633057,"(None, None)",0,"(None, None)",0,,0,,0,"(None, None)",Blink
2.848299026489258,"(None, None)",0,"(None, None)",0,,0,,0,"(None, None)",Blink
2.8660812377929688,"(None, None)",0,"(None, None)",0,,0,,0,"(None, None)",Blink
2.882883787155152,"(None, None)",0,"(None, None)",0,,0,,0,"(None, None)",Blink
2.897573232650757,"(None, None)",0,"(None, None)",0,,0,,0,"(None, None)",Blink
2.924032926559448,"(None, None)",0,"(None, None)",0,,0,,0,"(None, None)",Blink
2.9274301528930664,"(None, None)",0,"(None, None)",0,,0,,0,"(None, None)",Blink
2.946887969970703,"(None, None)",0,"(0.250885933637619, 0.6431728005409241)",1,,0,2.7510986328125,1,"(None, None)",Blink
2.9676613807678223,"(0.2486514151096344, 0.6090116500854492)",1,"(0.25283604860305786, 0.6313889622688293)",1,3.036346435546875,1,2.7943115234375,1,"(0.24921908448724187, 0.5659685134887695)",Fixation
2.985929489135742,"(0.229049414396286, 0.5976212620735168)",1,"(0.2490178942680359, 0.5785946249961853)",1,2.986968994140625,1,2.9105377197265625,1,"(0.24921908448724187, 0.5659685134887695)",Fixation
3.001654863357544,"(0.2362077534198761, 0.5788491368293762)",1,"(0.24416399002075195, 0.5690181851387024)",1,3.064971923828125,1,2.901336669921875,1,"(0.24921908448724187, 0.5659685134887695)",Fixation
3.0191333293914795,"(0.25214341282844543, 0.563094973564148)",1,"(0.2486533373594284, 0.579329252243042)",1,3.182647705078125,1,2.8902587890625,1,"(0.24921908448724187, 0.5659685134887695)",Fixation
3.034531593322754,"(0.2596774697303772, 0.5718481540679932)",1,"(0.24830417335033417, 0.5704716444015503)",1,3.197784423828125,1,2.915283203125,1,"(0.24921908448724187, 0.5659685134887695)",Fixation
3.0521352291107178,"(0.2609281837940216, 0.5648791193962097)",1,"(0.25099116563796997, 0.5659528374671936)",1,3.2038726806640625,1,2.9064178466796875,1,"(0.24921908448724187, 0.5659685134887695)",Fixation
3.068439722061157,"(0.2553357779979706, 0.544527530670166)",1,"(0.2537802755832672, 0.5609495639801025)",1,3.22119140625,1,2.9094696044921875,1,"(0.24921908448724187, 0.5659685134887695)",Fixation
3.085819721221924,"(0.25349706411361694, 0.5578784346580505)",1,"(0.25146517157554626, 0.5611368417739868)",1,3.2413482666015625,1,2.921142578125,1,"(0.24921908448724187, 0.5659685134887695)",Fixation
3.101720094680786,"(0.2575259506702423, 0.5737532377243042)",1,"(0.2507176697254181, 0.5609915852546692)",1,3.2326812744140625,1,2.9238739013671875,1,"(0.24921908448724187, 0.5659685134887695)",Fixation
3.119392156600952,"(0.259521484375, 0.5724088549613953)",1,"(0.24956223368644714, 0.5653441548347473)",1,3.249053955078125,1,2.9309234619140625,1,"(0.24921908448724187, 0.5659685134887695)",Fixation
3.134791374206543,"(0.2524696886539459, 0.5613717436790466)",1,"(0.24777334928512573, 0.5697786808013916)",1,3.2633209228515625,1,2.949813842773437,1,"(0.24921908448724187, 0.5659685134887695)",Fixation
3.152122259140014,"(0.24883142113685608, 0.5574401021003723)",1,"(0.24988557398319244, 0.5742186903953552)",1,3.26226806640625,1,2.9700927734375,1,"(0.24921908448724187, 0.5659685134887695)",Fixation
3.168292284011841,"(0.24733959138393402, 0.5546901822090149)",1,"(0.25006103515625, 0.5763137936592102)",1,3.276885986328125,1,2.975311279296875,1,"(0.24921908448724187, 0.5659685134887695)",Fixation
3.186065912246704,"(0.24795082211494446, 0.553981363773346)",1,"(0.24866023659706116, 0.5743599534034729)",1,3.3022003173828125,1,2.97637939453125,1,"(0.24921908448724187, 0.5659685134887695)",Fixation
3.201646089553833,"(0.24861659109592438, 0.5560978651046753)",1,"(0.24758383631706238, 0.5760942697525024)",1,3.3062896728515625,1,2.9861297607421875,1,"(0.24921908448724187, 0.5659685134887695)",Fixation
3.218448638916016,"(0.24639439582824707, 0.5620610117912292)",1,"(0.24528159201145172, 0.5722398161888123)",1,3.32452392578125,1,2.9952545166015625,1,"(0.24921908448724187, 0.5659685134887695)",Fixation
3.23535680770874,"(0.23258399963378906, 0.5419501066207886)",1,"(0.23317092657089233, 0.5406121015548706)",1,3.3656463623046875,1,3.0356903076171875,1,"(0.24921908448724187, 0.5659685134887695)",Fixation
3.2522900104522705,"(0.21572819352149963, 0.5234199166297913)",1,"(0.20993737876415253, 0.4956032633781433)",1,3.3854217529296875,1,3.04229736328125,1,"(None, None)",Saccade
3.2690577507019043,"(0.17601267993450165, 0.401681512594223)",1,"(0.19129347801208496, 0.46253278851509094)",1,3.4293975830078125,1,3.0641632080078125,1,"(None, None)",Fixation
3.2853572368621826,"(0.17601267993450165, 0.401681512594223)",1,"(0.18040060997009277, 0.4421834349632263)",1,3.4293975830078125,1,3.088165283203125,1,"(None, None)",Fixation
3.300999879837036,"(0.17624321579933167, 0.3927256762981415)",1,"(0.17831508815288544, 0.4418959319591522)",1,3.465682983398437,1,3.1009674072265625,1,"(None, None)",Saccade
3.318530321121216,"(0.16489914059638977, 0.3538590967655182)",1,"(0.18253831565380096, 0.4405147433280945)",1,3.470809936523437,1,3.1009521484375,1,"(0.16493361511013724, 0.351412759585814)",Fixation
3.335181951522827,"(0.16085770726203918, 0.3470861315727234)",1,"(0.18393351137638092, 0.44214895367622375)",1,3.47979736328125,1,3.092132568359375,1,"(0.16493361511013724, 0.351412759585814)",Fixation
3.351994514465332,"(0.16526925563812256, 0.34888744354248047)",1,"(0.18548201024532318, 0.4454602003097534)",1,3.492767333984375,1,3.1085968017578125,1,"(0.16493361511013724, 0.351412759585814)",Fixation
3.368753433227539,"(0.16450577974319458, 0.35178348422050476)",1,"(0.1855335384607315, 0.45241403579711914)",1,3.49615478515625,1,3.1221160888671875,1,"(0.16493361511013724, 0.351412759585814)",Fixation
3.38608193397522,"(0.16370102763175964, 0.34987935423851013)",1,"(0.18567372858524323, 0.4480224847793579)",1,3.494964599609375,1,3.12322998046875,1,"(0.16493361511013724, 0.351412759585814)",Fixation
3.401559829711914,"(0.16024820506572723, 0.343353271484375)",1,"(0.18602649867534637, 0.4420273005962372)",1,3.512481689453125,1,3.1274566650390625,1,"(0.16493361511013724, 0.351412759585814)",Fixation
3.4186506271362305,"(0.16056710481643677, 0.3458724915981293)",1,"(0.184383824467659, 0.4468573033809662)",1,3.52716064453125,1,3.1320953369140625,1,"(0.16493361511013724, 0.351412759585814)",Fixation
3.435805320739746,"(0.16212782263755798, 0.3494008481502533)",1,"(0.18507762253284454, 0.45123031735420227)",1,3.532806396484375,1,3.1357879638671875,1,"(0.16493361511013724, 0.351412759585814)",Fixation
3.4504051208496094,"(0.16129054129123688, 0.35490337014198303)",1,"(0.18402080237865448, 0.4570527970790863)",1,3.538726806640625,1,3.1425018310546875,1,"(0.16493361511013724, 0.351412759585814)",Fixation
3.467846155166626,"(0.16101773083209991, 0.3512577414512634)",1,"(0.18508896231651306, 0.45373618602752686)",1,3.5440216064453125,1,3.1500396728515625,1,"(0.16493361511013724, 0.351412759585814)",Fixation
3.4847538471221924,"(0.1641131043434143, 0.3521517813205719)",1,"(0.1873302310705185, 0.45077380537986755)",1,3.553009033203125,1,3.1426239013671875,1,"(0.16493361511013724, 0.351412759585814)",Fixation
3.5015411376953125,"(0.16347260773181915, 0.35214605927467346)",1,"(0.18742159008979797, 0.4527023136615753)",1,3.5613250732421875,1,3.1389312744140625,1,"(0.16493361511013724, 0.351412759585814)",Fixation
3.5189108848571777,"(0.16716846823692322, 0.3581584692001343)",1,"(0.18493904173374176, 0.45455801486968994)",1,3.55792236328125,1,3.1403350830078125,1,"(0.16493361511013724, 0.351412759585814)",Fixation
3.534560441970825,"(0.16939091682434082, 0.3569760322570801)",1,"(0.1832868903875351, 0.45756861567497253)",1,3.563095092773437,1,3.1377105712890625,1,"(0.16493361511013724, 0.351412759585814)",Fixation
3.552150011062622,"(0.16978545486927032, 0.3570370078086853)",1,"(0.18128812313079834, 0.45606154203414917)",1,3.5674285888671875,1,3.136016845703125,1,"(0.16493361511013724, 0.351412759585814)",Fixation
3.567946195602417,"(0.17039933800697327, 0.3576810657978058)",1,"(0.18016956746578217, 0.45161861181259155)",1,3.576644897460937,1,3.151473999023437,1,"(0.16493361511013724, 0.351412759585814)",Fixation
3.5847959518432617,"(0.16805067658424377, 0.3504486083984375)",1,"(0.18318462371826172, 0.45135635137557983)",1,3.5875244140625,1,3.159698486328125,1,"(0.16493361511013724, 0.351412759585814)",Fixation
3.602229595184326,"(0.16810914874076843, 0.35197150707244873)",1,"(0.1829514503479004, 0.45070579648017883)",1,3.58843994140625,1,3.146347045898437,1,"(0.16493361511013724, 0.351412759585814)",Fixation
3.617711305618286,"(0.16510728001594543, 0.35235151648521423)",1,"(0.1822134256362915, 0.451968252658844)",1,3.5869598388671875,1,3.142822265625,1,"(0.16493361511013724, 0.351412759585814)",Fixation
3.635918378829956,"(0.16523504257202148, 0.35105764865875244)",1,"(0.18006667494773865, 0.45105937123298645)",1,3.594482421875,1,3.1421356201171875,1,"(0.16493361511013724, 0.351412759585814)",Fixation
3.652341842651367,"(0.1645989716053009, 0.3507702648639679)",1,"(0.17723210155963898, 0.44954797625541687)",1,3.5974578857421875,1,3.1370391845703125,1,"(0.16493361511013724, 0.351412759585814)",Fixation
3.6684300899505615,"(0.16862420737743378, 0.34404751658439636)",1,"(0.18352331221103668, 0.4460515081882477)",1,3.59515380859375,1,3.142486572265625,1,"(0.16493361511013724, 0.351412759585814)",Fixation
3.6855063438415527,"(0.17500826716423035, 0.3560996949672699)",1,"(0.18923068046569824, 0.4508870244026184)",1,3.6045989990234375,1,3.155426025390625,1,"(None, None)",Saccade
3.701946258544922,"(0.24311871826648712, 0.2793983519077301)",1,"(0.26736968755722046, 0.36510711908340454)",1,3.635787963867188,1,3.140960693359375,1,"(0.2463796469900343, 0.2610241406493717)",Fixation
3.715643405914306,"(0.2446676790714264, 0.26214146614074707)",1,"(0.2711922228336334, 0.35637420415878296)",1,3.618453979492188,1,3.1420135498046875,1,"(0.2463796469900343, 0.2610241406493717)",Fixation
3.735439300537109,"(0.2496311515569687, 0.26381850242614746)",1,"(0.26909157633781433, 0.3574814796447754)",1,3.61126708984375,1,3.15667724609375,1,"(0.2463796469900343, 0.2610241406493717)",Fixation
3.752408266067505,"(0.24893726408481598, 0.2592531442642212)",1,"(0.2680586576461792, 0.3561854660511017)",1,3.611846923828125,1,3.151336669921875,1,"(0.2463796469900343, 0.2610241406493717)",Fixation
3.7682645320892334,"(0.24597302079200745, 0.25779059529304504)",1,"(0.26746654510498047, 0.35729408264160156)",1,3.6164703369140634,1,3.1407928466796875,1,"(0.2463796469900343, 0.2610241406493717)",Fixation
3.785095453262329,"(0.24622440338134766, 0.25139108300209045)",1,"(0.2670474052429199, 0.35529249906539917)",1,3.61572265625,1,3.148910522460937,1,"(0.2463796469900343, 0.2610241406493717)",Fixation
3.801849603652954,"(0.24675582349300385, 0.25191912055015564)",1,"(0.2667863368988037, 0.35264936089515686)",1,3.610916137695313,1,3.14849853515625,1,"(0.2463796469900343, 0.2610241406493717)",Fixation
3.818484306335449,"(0.24476853013038635, 0.2587055265903473)",1,"(0.2687826156616211, 0.349098801612854)",1,3.603729248046875,1,3.1470489501953125,1,"(0.2463796469900343, 0.2610241406493717)",Fixation
3.835533380508423,"(0.24734023213386536, 0.26479947566986084)",1,"(0.26951274275779724, 0.35155001282691956)",1,3.602813720703125,1,3.1463775634765625,1,"(0.2463796469900343, 0.2610241406493717)",Fixation
3.851959228515625,"(0.24943210184574127, 0.2642444968223572)",1,"(0.2702800929546356, 0.353621244430542)",1,3.614227294921875,1,3.1459197998046875,1,"(None, None)",Saccade
3.8684449195861816,"(0.2732957899570465, 0.288869708776474)",1,"(0.2779380977153778, 0.33718329668045044)",1,3.600677490234375,1,3.1460113525390625,1,"(None, None)",Saccade
3.8853704929351807,"(0.29789498448371887, 0.3389323055744171)",1,"(0.48009055852890015, 0.3222542405128479)",1,3.5946197509765625,1,3.1441192626953125,1,"(None, None)",Saccade
3.901606798171997,"(0.47426046431064606, 0.33332720398902893)",2,"(0.48009055852890015, 0.3222542405128479)",1,,0,3.1441192626953125,1,"(None, None)",Saccade
3.9147114753723145,"(0.6506259441375732, 0.32772210240364075)",1,"(None, None)",0,3.595672607421875,1,,0,"(0.643770022051675, 0.3440723844936916)",Fixation
3.9329657554626474,"(0.6432425379753113, 0.3405917286872864)",1,"(0.6333324313163757, 0.3525385558605194)",1,3.605514526367188,1,3.133087158203125,1,"(0.643770022051675, 0.3440723844936916)",Fixation
3.9496803283691406,"(0.6435993909835815, 0.3482491672039032)",1,"(0.6351780295372009, 0.3431638777256012)",1,3.606246948242188,1,3.1213531494140625,1,"(0.643770022051675, 0.3440723844936916)",Fixation
3.968837976455689,"(0.6426084637641907, 0.3476472496986389)",1,"(0.631710946559906, 0.34075823426246643)",1,3.5965728759765625,1,3.105743408203125,1,"(0.643770022051675, 0.3440723844936916)",Fixation
3.984741926193237,"(0.6421444416046143, 0.3487265408039093)",1,"(0.633874773979187, 0.3432580828666687)",1,3.5951385498046875,1,3.10577392578125,1,"(0.643770022051675, 0.3440723844936916)",Fixation
3.99964451789856,"(0.6432334780693054, 0.3511132299900055)",1,"(0.6350351572036743, 0.3422398269176483)",1,3.6024169921875,1,3.1028289794921875,1,"(0.643770022051675, 0.3440723844936916)",Fixation
4.021255016326904,"(0.6420994400978088, 0.35379740595817566)",1,"(0.6356490850448608, 0.3446666896343231)",1,3.61065673828125,1,3.0954132080078125,1,"(0.643770022051675, 0.3440723844936916)",Fixation
4.034525394439697,"(0.63995361328125, 0.3526317775249481)",1,"(0.6345431804656982, 0.34043818712234497)",1,3.615768432617188,1,3.1018829345703125,1,"(0.643770022051675, 0.3440723844936916)",Fixation
4.047763109207153,"(0.6439006924629211, 0.34866970777511597)",1,"(0.6328164935112, 0.3448193669319153)",1,3.6115570068359375,1,3.121795654296875,1,"(0.643770022051675, 0.3440723844936916)",Fixation
4.064510345458984,"(0.6473477482795715, 0.344479501247406)",1,"(0.6344202756881714, 0.34238871932029724)",1,3.605377197265625,1,3.127670288085937,1,"(0.643770022051675, 0.3440723844936916)",Fixation
4.083402633666992,"(0.6443532705307007, 0.349590003490448)",1,"(0.6334946155548096, 0.3379766345024109)",1,3.619338989257813,1,3.1282501220703125,1,"(0.643770022051675, 0.3440723844936916)",Fixation
4.09915018081665,"(0.6422595381736755, 0.35127967596054077)",1,"(0.6347066760063171, 0.33625927567481995)",1,3.624588012695313,1,3.1259002685546875,1,"(0.643770022051675, 0.3440723844936916)",Fixation
4.114250183105469,"(0.6450091600418091, 0.35017383098602295)",1,"(0.634478747844696, 0.3360999822616577)",1,3.62152099609375,1,3.1245269775390625,1,"(0.643770022051675, 0.3440723844936916)",Fixation
4.132008790969849,"(0.6480215191841125, 0.347245991230011)",1,"(0.6314427852630615, 0.3347717523574829)",1,3.61553955078125,1,3.12353515625,1,"(0.643770022051675, 0.3440723844936916)",Fixation
4.147468328475952,"(0.6451475620269775, 0.34065017104148865)",1,"(0.6316818594932556, 0.3326842784881592)",1,3.6126708984375,1,3.121490478515625,1,"(0.643770022051675, 0.3440723844936916)",Fixation
4.1652116775512695,"(0.6425702571868896, 0.33956632018089294)",1,"(0.6359537839889526, 0.33019641041755676)",1,3.607101440429688,1,3.121932983398437,1,"(0.643770022051675, 0.3440723844936916)",Fixation
4.181717157363892,"(0.6421411633491516, 0.3355619013309479)",1,"(0.636454701423645, 0.3304283022880554)",1,3.58197021484375,1,3.1327056884765625,1,"(0.643770022051675, 0.3440723844936916)",Fixation
4.199052333831787,"(0.6420615911483765, 0.3341180980205536)",1,"(0.6348002552986145, 0.33658915758132935)",1,3.5758056640625,1,3.111602783203125,1,"(0.643770022051675, 0.3440723844936916)",Fixation
4.217807292938232,"(0.6405776143074036, 0.33512404561042786)",1,"(0.6340818405151367, 0.3294832408428192)",1,3.5732574462890625,1,3.091171264648437,1,"(0.643770022051675, 0.3440723844936916)",Fixation
4.235634326934815,"(0.6400132775306702, 0.33485671877861023)",1,"(0.6332074403762817, 0.32726943492889404)",1,3.5593719482421875,1,3.091705322265625,1,"(0.643770022051675, 0.3440723844936916)",Fixation
4.251652956008911,"(0.6482597589492798, 0.34372490644454956)",1,"(0.6426976919174194, 0.32716140151023865)",1,3.569564819335937,1,3.094573974609375,1,"(0.643770022051675, 0.3440723844936916)",Fixation
4.268245935440064,"(0.6631787419319153, 0.3502013385295868)",1,"(0.6590204834938049, 0.321936696767807)",1,3.5823211669921875,1,3.1164093017578125,1,"(None, None)",Saccade
4.282019376754761,"(0.8339712023735046, 0.3372940123081207)",1,"(0.8720352649688721, 0.2519496977329254)",1,3.556121826171875,1,3.112152099609375,1,"(0.8565108102300892, 0.34819591563680896)",Fixation
4.299413442611694,"(0.846504271030426, 0.34565627574920654)",1,"(0.8783131241798401, 0.27133622765541077)",1,3.5421600341796875,1,3.075912475585937,1,"(0.8565108102300892, 0.34819591563680896)",Fixation
4.315864324569702,"(0.8623137474060059, 0.36148959398269653)",1,"(0.8858751654624939, 0.27839648723602295)",1,3.52288818359375,1,3.07666015625,1,"(0.8565108102300892, 0.34819591563680896)",Fixation
4.335075616836548,"(0.8584480881690979, 0.36441823840141296)",1,"(0.8821142911911011, 0.274640828371048)",1,3.5180816650390625,1,3.0880584716796875,1,"(0.8565108102300892, 0.34819591563680896)",Fixation
4.35134220123291,"(0.8543746471405029, 0.36492615938186646)",1,"(0.8844035267829895, 0.27256256341934204)",1,3.511871337890625,1,3.0872039794921875,1,"(0.8565108102300892, 0.34819591563680896)",Fixation
4.368643522262573,"(0.8567218780517578, 0.3597809672355652)",1,"(0.8853142261505127, 0.27068132162094116)",1,3.503509521484375,1,3.076995849609375,1,"(0.8565108102300892, 0.34819591563680896)",Fixation
4.383423566818237,"(0.8576173186302185, 0.3505767285823822)",1,"(0.8854733109474182, 0.26818957924842834)",1,3.4923248291015625,1,3.0639801025390625,1,"(0.8565108102300892, 0.34819591563680896)",Fixation
4.400022745132446,"(0.8564777970314026, 0.35192427039146423)",1,"(0.8855682611465454, 0.26697465777397156)",1,3.4819488525390625,1,3.0553741455078125,1,"(0.8565108102300892, 0.34819591563680896)",Fixation
4.415917634963989,"(0.8557504415512085, 0.35440948605537415)",1,"(0.8863019943237305, 0.2675212621688843)",1,3.477447509765625,1,3.0550537109375,1,"(0.8565108102300892, 0.34819591563680896)",Fixation
4.435230016708374,"(0.8560621738433838, 0.3527746796607971)",1,"(0.8876755833625793, 0.2674834430217743)",1,3.4732666015625,1,3.043914794921875,1,"(0.8565108102300892, 0.34819591563680896)",Fixation
4.4516541957855225,"(0.8553993701934814, 0.35398170351982117)",1,"(0.885283350944519, 0.26486659049987793)",1,3.46661376953125,1,3.0367889404296875,1,"(0.8565108102300892, 0.34819591563680896)",Fixation
4.467893838882446,"(0.85655277967453, 0.3514045774936676)",1,"(0.8850345611572266, 0.26371699571609497)",1,3.4507293701171875,1,3.0340728759765625,1,"(0.8565108102300892, 0.34819591563680896)",Fixation
4.48521614074707,"(0.8581564426422119, 0.3465774655342102)",1,"(0.8853335380554199, 0.26228347420692444)",1,3.437164306640625,1,3.016815185546875,1,"(0.8565108102300892, 0.34819591563680896)",Fixation
4.5002758502960205,"(0.8571863174438477, 0.3489038050174713)",1,"(0.8864606618881226, 0.2585567235946655)",1,3.43133544921875,1,2.9984283447265625,1,"(0.8565108102300892, 0.34819591563680896)",Fixation
4.517985820770264,"(0.8580887317657471, 0.349968820810318)",1,"(0.8897185325622559, 0.2579018771648407)",1,3.4253387451171875,1,3.0162353515625,1,"(0.8565108102300892, 0.34819591563680896)",Fixation
4.53263521194458,"(0.8600820302963257, 0.35016682744026184)",1,"(0.8893660306930542, 0.26240935921669006)",1,3.4187469482421875,1,3.0045623779296875,1,"(0.8565108102300892, 0.34819591563680896)",Fixation
4.550139904022217,"(0.8592106699943542, 0.3489123582839966)",1,"(0.8898985981941223, 0.26424986124038696)",1,3.412322998046875,1,2.988754272460937,1,"(0.8565108102300892, 0.34819591563680896)",Fixation
4.566715240478516,"(0.8607659935951233, 0.34506818652153015)",1,"(0.8916596174240112, 0.26027005910873413)",1,3.3995513916015625,1,2.999969482421875,1,"(0.8565108102300892, 0.34819591563680896)",Fixation
4.585404634475708,"(0.8618937134742737, 0.3435184955596924)",1,"(0.8925567865371704, 0.25772625207901)",1,3.3973846435546875,1,3.002716064453125,1,"(0.8565108102300892, 0.34819591563680896)",Fixation
4.60062313079834,"(0.8615381121635437, 0.34055885672569275)",1,"(0.8946897387504578, 0.25652214884757996)",1,3.3948974609375,1,2.9900360107421875,1,"(0.8565108102300892, 0.34819591563680896)",Fixation
4.614876985549927,"(0.859525740146637, 0.338260680437088)",1,"(0.8905520439147949, 0.2570531368255615)",1,3.3894805908203125,1,2.9793243408203125,1,"(0.8565108102300892, 0.34819591563680896)",Fixation
4.631182193756104,"(0.859483003616333, 0.34087973833084106)",1,"(0.8876954913139343, 0.257713258266449)",1,3.380096435546875,1,2.982666015625,1,"(0.8565108102300892, 0.34819591563680896)",Fixation
4.647944450378418,"(0.853624165058136, 0.3070541322231293)",1,"(0.8796995282173157, 0.23317153751850128)",1,3.3768463134765625,1,2.994537353515625,1,"(0.8565108102300892, 0.34819591563680896)",Fixation
4.665674448013306,"(0.8469257950782776, 0.2714322805404663)",1,"(0.8633617162704468, 0.16175399720668793)",1,3.37969970703125,1,3.0035552978515625,1,"(None, None)",Saccade
4.682179689407349,"(0.8192089796066284, 0.04872067645192146)",1,"(0.8409163951873779, 0.10311568528413773)",1,3.4046630859375,1,2.984237670898437,1,"(0.818230390548706, 0.017630976292171648)",Fixation
4.699685573577881,"(0.8148360252380371, 0.028332669287919998)",1,"(0.8131923675537109, 0.06662162393331528)",1,3.388214111328125,1,2.9823760986328125,1,"(0.818230390548706, 0.017630976292171648)",Fixation
4.715453863143921,"(0.8129891157150269, 0.015496457926928997)",1,"(0.8095716238021851, 0.06614340841770172)",1,3.386703491210937,1,2.99566650390625,1,"(0.818230390548706, 0.017630976292171648)",Fixation
4.735140800476074,"(0.8180397748947144, 0.01592397689819336)",1,"(0.8071192502975464, 0.06607876718044281)",1,3.3899688720703125,1,2.988067626953125,1,"(0.818230390548706, 0.017630976292171648)",Fixation
4.749146938323975,"(0.8201242089271545, 0.004137119278311729)",1,"(0.8077906370162964, 0.06079467386007309)",1,3.39801025390625,1,2.991790771484375,1,"(0.818230390548706, 0.017630976292171648)",Fixation
4.766362428665161,"(0.8212499618530273, 0.004981121513992548)",1,"(0.8092950582504272, 0.05887742340564728)",1,3.3905181884765625,1,2.996566772460937,1,"(0.818230390548706, 0.017630976292171648)",Fixation
4.783606290817261,"(0.8211646676063538, 0.005824812687933445)",1,"(0.8074443340301514, 0.057678211480379105)",1,3.385223388671875,1,2.99200439453125,1,"(0.818230390548706, 0.017630976292171648)",Fixation
4.799288034439087,"(0.8163595795631409, 0.005208748392760754)",1,"(0.8084930777549744, 0.057448096573352814)",1,3.3764801025390625,1,2.9901885986328125,1,"(None, None)",Saccade
4.815340042114258,"(0.7848794460296631, 0.0010038214968517423)",1,"(0.7899600863456726, 0.04846148565411568)",1,3.383163452148437,1,2.975814819335937,1,"(None, None)",Saccade
4.852022409439087,"(0.679781436920166, -0.014619352295994759)",1,"(0.7702071666717529, 0.023135941475629807)",1,3.40838623046875,1,2.99090576171875,1,"(None, None)",Saccade
4.85533618927002,"(0.6092247366905212, -0.020431991666555405)",1,"(None, None)",0,3.3960723876953125,1,,0,"(None, None)",Saccade
4.866803407669067,"(0.47659754753112793, -0.011766694486141205)",1,"(0.48387184739112854, 0.0019186430145055056)",1,3.374725341796875,1,2.97503662109375,1,"(None, None)",Fixation
4.87673282623291,"(0.47172269225120544, -0.0005907576996833086)",1,"(0.48444005846977234, 0.004319238010793924)",1,3.365020751953125,1,2.9989776611328125,1,"(None, None)",Fixation
4.896886825561523,"(0.4729483723640442, -6.584360380657017e-05)",1,"(0.48370692133903503, 0.00565220694988966)",1,3.3460693359375,1,2.9862060546875,1,"(None, None)",Fixation
4.914249420166016,"(0.47750481963157654, 0.0006486633792519569)",1,"(0.4817366600036621, 0.006260888651013374)",1,3.3469696044921875,1,2.9598846435546875,1,"(None, None)",Fixation
4.931681394577026,"(0.4793444573879242, -0.0002621130843181163)",1,"(0.4835985600948334, 0.01062676403671503)",1,3.33868408203125,1,2.94805908203125,1,"(None, None)",Fixation
4.948037385940552,"(0.47731155157089233, 0.002739792689681053)",1,"(0.48533791303634644, 0.015971610322594643)",1,3.313812255859375,1,2.9586639404296875,1,"(None, None)",Fixation
4.964941024780273,"(0.47677528858184814, 0.0037198439240455627)",1,"(0.48839250206947327, 0.01681610569357872)",1,3.3036346435546875,1,2.946517944335937,1,"(None, None)",Fixation
4.982178926467896,"(0.4770456850528717, 0.00166531081777066)",1,"(0.4897497594356537, 0.014647819101810455)",1,3.308380126953125,1,2.937896728515625,1,"(None, None)",Fixation
5.0025129318237305,"(0.47546902298927307, 0.0006073493859730661)",1,"(0.4889526665210724, 0.01798388920724392)",1,3.30426025390625,1,2.9485015869140625,1,"(None, None)",Fixation
